id,load_time_sec,init_time_sec,run_time_sec,final_precision,end_condition,n_states,n_obs,n_actions,discount,date,stockid,r,K,sigma_g,sigma_m
3e151fc3cbe,8.41,279.1,288.12,-5.91166e-06,  target precision reached,120,120,120,0.95,2017-09-14 19:55:59,ACADREDGOMGB,0.175142507420568,0.912637338687213,0.0709182458250469,0.25
3e251fc3cbe,8.38,323.91,333.91,-3.06694e-06,  target precision reached,120,120,120,0.95,2017-09-14 19:56:38,ACADREDGOMGB,0.175142507420568,0.912637338687213,0.0709182458250469,0.4
3e051fc3cbe,8.41,62.78,584.88,1.99869e-06,  target precision reached,120,120,120,0.95,2017-09-14 19:59:30,ACADREDGOMGB,0.175142507420568,0.912637338687213,0.0709182458250469,0.1
3e651fc3cbe,8.29,1097.79,10000.1,0.000155902,  Preset timeout reached,120,120,120,0.95,2017-09-14 22:29:27,ALBANATL,1.9132982352737,0.612272388480994,0.364938846789407,0.1
3e751fc3cbe,8.37,1224.54,10018.2,0.00148576,  Preset timeout reached,120,120,120,0.95,2017-09-14 22:30:49,ALBANATL,1.9132982352737,0.612272388480994,0.364938846789407,0.25
3e551fc3cbe,8.71,2072.06,10023.4,0.0144543,  Preset timeout reached,120,120,120,0.95,2017-09-14 22:31:43,ALBAIO,1.20244402830436,0.778219233994743,0.419248232500325,0.4
3e351fc3cbe,8.14,1742.52,10098.5,0.000502806,  Preset timeout reached,120,120,120,0.95,2017-09-14 22:32:19,ALBAIO,1.20244402830436,0.778219233994743,0.419248232500325,0.1
3e451fc3cbe,8.84,2012.55,10054.2,0.00489523,  Preset timeout reached,120,120,120,0.95,2017-09-14 22:32:29,ALBAIO,1.20244402830436,0.778219233994743,0.419248232500325,0.25
3e07339572a,8.18,1259.8,10040.6,0.00358882,  Preset timeout reached,120,120,120,0.95,2017-09-14 23:05:34,ALBANATL,1.9132982352737,0.612272388480994,0.364938846789407,0.4
3e17339572a,8.23,335.63,10006.2,0.00166944,  Preset timeout reached,120,120,120,0.95,2017-09-14 23:07:29,ALBASPAC,0.415743549778106,0.973933530732118,0.0569483925941346,0.1
3e27339572a,8.33,354.23,10194,0.0125057,  Preset timeout reached,120,120,120,0.95,2017-09-14 23:11:28,ALBASPAC,0.415743549778106,0.973933530732118,0.0569483925941346,0.25
3e77339572a,7.47,636.57,10002.1,0.000166194,  Preset timeout reached,120,120,120,0.95,2017-09-15 01:40:21,AMPL5YZ,0.870125428960783,0.694854662432526,0.203144101593555,0.1
3e47339572a,8.55,258.39,10012.3,0.0014366,  Preset timeout reached,120,120,120,0.95,2017-09-15 01:42:49,ALPLAICBSAI,0.329478143629844,0.986936895649911,0.0377017368715138,0.1
3e57339572a,8.19,263.71,10026.3,0.00834647,  Preset timeout reached,120,120,120,0.95,2017-09-15 01:47:13,ALPLAICBSAI,0.329478143629844,0.986936895649911,0.0377017368715138,0.25
3e67339572a,8.39,282.45,10337.3,0.0166626,  Preset timeout reached,120,120,120,0.95,2017-09-15 01:49:26,ALPLAICBSAI,0.329478143629844,0.986936895649911,0.0377017368715138,0.4
3e37339572a,8.46,368.74,10282.9,0.0256766,  Preset timeout reached,120,120,120,0.95,2017-09-15 01:52:57,ALBASPAC,0.415743549778106,0.973933530732118,0.0569483925941346,0.4
3e0208ee730,7.51,719.72,10001.9,0.00565192,  Preset timeout reached,120,120,120,0.95,2017-09-15 02:13:09,AMPL5YZ,0.870125428960783,0.694854662432526,0.203144101593555,0.25
3e1208ee730,7.59,757.63,10030.3,0.0165238,  Preset timeout reached,120,120,120,0.95,2017-09-15 02:14:56,AMPL5YZ,0.870125428960783,0.694854662432526,0.203144101593555,0.4
3e2208ee730,8.03,679.12,10090.4,0.000813036,  Preset timeout reached,120,120,120,0.95,2017-09-15 02:21:46,ANCHMEDGSA17,0.651620241812775,0.838515330423528,0.174227789840771,0.1
3e7208ee730,8.62,1983.56,10034.2,0.00143633,  Preset timeout reached,120,120,120,0.95,2017-09-15 04:47:08,ANCHOBAYB,1.3366562607591,0.563050032144245,0.607872134288496,0.4
3e5208ee730,7.97,1738.83,10056.4,7.14088e-05,  Preset timeout reached,120,120,120,0.95,2017-09-15 04:53:48,ANCHOBAYB,1.3366562607591,0.563050032144245,0.607872134288496,0.1
3e6208ee730,8.76,1918.08,10019.4,0.000782018,  Preset timeout reached,120,120,120,0.95,2017-09-15 04:56:21,ANCHOBAYB,1.3366562607591,0.563050032144245,0.607872134288496,0.25
3e4208ee730,8.47,776.47,10269.5,0.0542462,  Preset timeout reached,120,120,120,0.95,2017-09-15 04:57:00,ANCHMEDGSA17,0.651620241812775,0.838515330423528,0.174227789840771,0.4
3e712600a51,7.6,0.74,0.74,0,  target precision reached,120,120,120,0.95,2017-09-15 05:03:32,ANGLMEDGSA15-16,0.544088361606399,0.476335159570119,1.92081449755831e-16,0.25
3e3208ee730,8.46,750.58,10067.3,0.0188193,  Preset timeout reached,120,120,120,0.95,2017-09-15 05:03:44,ANCHMEDGSA17,0.651620241812775,0.838515330423528,0.174227789840771,0.25
3e612600a51,7.02,0.7,0.7,0,  target precision reached,120,120,120,0.95,2017-09-15 05:11:50,ANGLMEDGSA15-16,0.544088361606399,0.476335159570119,1.92081449755831e-16,0.1
3e012600a51,8.17,1242.76,10000.3,1.64093e-05,  Preset timeout reached,120,120,120,0.95,2017-09-15 05:19:07,ANCHOSA,0.515737732337609,0.542698657758274,0.4267958366948,0.1
3e112600a51,8.21,1411.19,10073.6,0.000286127,  Preset timeout reached,120,120,120,0.95,2017-09-15 05:23:13,ANCHOSA,0.515737732337609,0.542698657758274,0.4267958366948,0.25
3e212600a51,8.06,1437.12,10143.5,0.000357934,  Preset timeout reached,120,120,120,0.95,2017-09-15 05:31:14,ANCHOSA,0.515737732337609,0.542698657758274,0.4267958366948,0.4
3e0e25b86c,7.91,0.84,0.84,0,  target precision reached,120,120,120,0.95,2017-09-15 05:34:31,ANGLMEDGSA15-16,0.544088361606399,0.476335159570119,1.92081449755831e-16,0.4
3e512600a51,9.27,3998.42,10351.8,0.0605306,  Preset timeout reached,120,120,120,0.95,2017-09-15 08:10:19,ANCHOVYKILKACS,1.15320521744635,1.15128565382784,0.508862378590641,0.4
3e7e25b86c,8.21,941.04,10002.3,7.8762e-06,  Preset timeout reached,120,120,120,0.95,2017-09-15 08:13:17,ARGANCHONARG,0.316740734867078,0.609958038643062,0.252172621693263,0.1
3e412600a51,9.39,3844.85,10386,0.0282841,  Preset timeout reached,120,120,120,0.95,2017-09-15 08:14:19,ANCHOVYKILKACS,1.15320521744635,1.15128565382784,0.508862378590641,0.25
3e312600a51,8.52,3320.44,10264,0.00571353,  Preset timeout reached,120,120,120,0.95,2017-09-15 08:17:50,ANCHOVYKILKACS,1.15320521744635,1.15128565382784,0.508862378590641,0.1
3e6e25b86c,8.64,302.32,10143.6,0.00716989,  Preset timeout reached,120,120,120,0.95,2017-09-15 08:25:24,ARFLOUNDPCOAST,0.193576737138934,0.983188007750907,0.0399991634092667,0.4
3e1e25b86c,7.45,41.48,10056.2,6.54572e-06,  Preset timeout reached,120,120,120,0.95,2017-09-15 08:31:26,ARFLOUNDBSAI,0.136962581458411,1.41422516517864,0.0261720792095357,0.1
3e2e25b86c,8,180.9,10151,0.000295373,  Preset timeout reached,120,120,120,0.95,2017-09-15 08:41:50,ARFLOUNDBSAI,0.136962581458411,1.41422516517864,0.0261720792095357,0.25
3e02c10f2b4,8.46,1024.29,10038.4,0.000126697,  Preset timeout reached,120,120,120,0.95,2017-09-15 08:45:07,ARGANCHONARG,0.316740734867078,0.609958038643062,0.252172621693263,0.25
3e72c10f2b4,8.47,1692.23,10019.4,0.00142373,  Preset timeout reached,120,120,120,0.95,2017-09-15 11:22:36,ARGHAKENARG,1.88346755969746,0.525322326187353,0.562502308359281,0.4
3e5e25b86c,8.19,284.21,10046.5,0.00299773,  Preset timeout reached,120,120,120,0.95,2017-09-15 11:24:47,ARFLOUNDPCOAST,0.193576737138934,0.983188007750907,0.0399991634092667,0.25
3e4e25b86c,7.9,272.95,10004.2,0.000512778,  Preset timeout reached,120,120,120,0.95,2017-09-15 11:27:36,ARFLOUNDPCOAST,0.193576737138934,0.983188007750907,0.0399991634092667,0.1
3e62c10f2b4,9.07,1665.1,10018.8,0.000595094,  Preset timeout reached,120,120,120,0.95,2017-09-15 11:32:07,ARGHAKENARG,1.88346755969746,0.525322326187353,0.562502308359281,0.25
3e3e25b86c,8.36,224.55,10530.2,0.000265702,  Preset timeout reached,120,120,120,0.95,2017-09-15 11:35:55,ARFLOUNDBSAI,0.136962581458411,1.41422516517864,0.0261720792095357,0.4
3e12c10f2b4,8.13,979.73,10007.7,3.64021e-05,  Preset timeout reached,120,120,120,0.95,2017-09-15 11:41:49,ARGANCHONARG,0.316740734867078,0.609958038643062,0.252172621693263,0.4
3e22c10f2b4,7.98,676.85,10003,5.83568e-05,  Preset timeout reached,120,120,120,0.95,2017-09-15 11:49:45,ARGANCHOSARG,0.409193096108331,0.692359526857821,0.203958803098841,0.1
3e06474d84,7.87,363.48,10004.9,0.00195173,  Preset timeout reached,120,120,120,0.95,2017-09-15 11:56:32,ATBTUNAEATL,0.46869432960878,0.966043128347271,0.0653000799540987,0.1
3e52c10f2b4,8.26,1528.43,10000.4,6.06801e-05,  Preset timeout reached,120,120,120,0.95,2017-09-15 14:30:32,ARGHAKENARG,1.88346755969746,0.525322326187353,0.562502308359281,0.1
3e76474d84,8.47,791.08,10176,0.00881837,  Preset timeout reached,120,120,120,0.95,2017-09-15 14:34:01,ATKABSAI,0.96732294830851,0.772793129345197,0.199286296729143,0.25
3e42c10f2b4,8.67,839.19,10056.1,0.00658344,  Preset timeout reached,120,120,120,0.95,2017-09-15 14:38:19,ARGANCHOSARG,0.409193096108331,0.692359526857821,0.203958803098841,0.4
3e66474d84,8.03,704.89,10015.7,0.000337717,  Preset timeout reached,120,120,120,0.95,2017-09-15 14:40:32,ATKABSAI,0.96732294830851,0.772793129345197,0.199286296729143,0.1
3e32c10f2b4,8.99,800.96,10001.8,0.00217107,  Preset timeout reached,120,120,120,0.95,2017-09-15 14:45:59,ARGANCHOSARG,0.409193096108331,0.692359526857821,0.203958803098841,0.25
3e16474d84,8.41,399.13,10247.8,0.0153677,  Preset timeout reached,120,120,120,0.95,2017-09-15 14:59:14,ATBTUNAEATL,0.46869432960878,0.966043128347271,0.0653000799540987,0.25
3e0242d33ff,8.36,812.21,10107.7,0.0222796,  Preset timeout reached,120,120,120,0.95,2017-09-15 15:06:05,ATKABSAI,0.96732294830851,0.772793129345197,0.199286296729143,0.4
3e26474d84,8.45,413.92,10461.2,0.0313207,  Preset timeout reached,120,120,120,0.95,2017-09-15 15:09:33,ATBTUNAEATL,0.46869432960878,0.966043128347271,0.0653000799540987,0.4
3e1242d33ff,7.35,28.02,35.89,1.47349e-06,  target precision reached,120,120,120,0.95,2017-09-15 15:16:27,ATOOTHFISHRS,0.0740272948020651,0.952613055978236,0.0053333293346934,0.1
3e2242d33ff,7.74,115.33,162.5,-9.31137e-07,  target precision reached,120,120,120,0.95,2017-09-15 15:29:00,ATOOTHFISHRS,0.0740272948020651,0.952613055978236,0.0053333293346934,0.25
3e7242d33ff,8.26,498.04,10028.3,0.00143761,  Preset timeout reached,120,120,120,0.95,2017-09-15 17:45:38,BGRDRSE,0.559636967861375,0.819569490920979,0.110467493669302,0.1
3e56474d84,9.1,415.49,10192.1,0.0131904,  Preset timeout reached,120,120,120,0.95,2017-09-15 17:48:20,ATBTUNAWATL,0.243056127686465,1.02096310213777,0.0570542883862075,0.4
3e46474d84,9.01,403.45,10040.4,0.00632509,  Preset timeout reached,120,120,120,0.95,2017-09-15 17:53:05,ATBTUNAWATL,0.243056127686465,1.02096310213777,0.0570542883862075,0.25
3e6242d33ff,8.82,316.86,10040.4,0.0139578,  Preset timeout reached,120,120,120,0.95,2017-09-15 17:55:29,AUSSALMONNZ,0.269778948565592,0.852616915910497,0.0500333247161284,0.4
3e36474d84,8.34,370.95,10011.6,0.000968294,  Preset timeout reached,120,120,120,0.95,2017-09-15 17:58:35,ATBTUNAWATL,0.243056127686465,1.02096310213777,0.0570542883862075,0.1
3e3242d33ff,7.53,148.22,221.42,-1.81647e-06,  target precision reached,120,120,120,0.95,2017-09-15 18:18:26,ATOOTHFISHRS,0.0740272948020651,0.952613055978236,0.0053333293346934,0.4
3e0234137ca,8.39,530.75,10332.2,0.0189992,  Preset timeout reached,120,120,120,0.95,2017-09-15 18:21:39,BGRDRSE,0.559636967861375,0.819569490920979,0.110467493669302,0.25
3e1234137ca,8.2,548.22,10136.9,0.0409699,  Preset timeout reached,120,120,120,0.95,2017-09-15 18:28:26,BGRDRSE,0.559636967861375,0.819569490920979,0.110467493669302,0.4
3e2234137ca,7.54,209.03,10047.2,0.0026676,  Preset timeout reached,120,120,120,0.95,2017-09-15 18:34:46,BIGEYEIO,0.417473114857043,0.939531993147468,0.028491712502314,0.1
3e7234137ca,8.33,2074.78,10081.2,0.00868283,  Preset timeout reached,120,120,120,0.95,2017-09-15 20:55:20,BIGEYEWPO,0.968653729652389,0.711225781602376,0.460378269100495,0.4
3e5242d33ff,7.9,300.09,10013.9,0.00654716,  Preset timeout reached,120,120,120,0.95,2017-09-15 21:01:13,AUSSALMONNZ,0.269778948565592,0.852616915910497,0.0500333247161284,0.25
3e4242d33ff,8.27,284,10005.9,0.00101556,  Preset timeout reached,120,120,120,0.95,2017-09-15 21:05:02,AUSSALMONNZ,0.269778948565592,0.852616915910497,0.0500333247161284,0.1
3e6234137ca,8.33,1985.26,10150,0.00274314,  Preset timeout reached,120,120,120,0.95,2017-09-15 21:05:31,BIGEYEWPO,0.968653729652389,0.711225781602376,0.460378269100495,0.25
3e3234137ca,8.41,228,10170.6,0.0125391,  Preset timeout reached,120,120,120,0.95,2017-09-15 21:27:51,BIGEYEIO,0.417473114857043,0.939531993147468,0.028491712502314,0.25
3e04a4a4bf7,8.59,431.53,10016.3,0.00109074,  Preset timeout reached,120,120,120,0.95,2017-09-15 21:33:48,BKCDLFENI,0.318467009814677,0.974497600069703,0.0744707042060665,0.1
3e14a4a4bf7,8.04,460.56,10092.6,0.00871186,  Preset timeout reached,120,120,120,0.95,2017-09-15 21:43:16,BKCDLFENI,0.318467009814677,0.974497600069703,0.0744707042060665,0.25
3e24a4a4bf7,8.23,470.03,10032.6,0.0189552,  Preset timeout reached,120,120,120,0.95,2017-09-15 21:47:35,BKCDLFENI,0.318467009814677,0.974497600069703,0.0744707042060665,0.4
3e34a4a4bf7,7.94,1702.44,3713.08,1.998e-06,  target precision reached,120,120,120,0.95,2017-09-15 22:48:47,BKINGCRABPI,0.0120836107148179,0.0332121523089654,0.638726297275728,0.1
3e74a4a4bf7,8.21,1145.27,10036.3,0.00181869,  Preset timeout reached,120,120,120,0.95,2017-09-16 00:03:08,BKINGCRABSMI,0.7969416389891,0.555953016209918,0.365512628849559,0.25
3e5234137ca,8.01,1736.6,10057,0.000185554,  Preset timeout reached,120,120,120,0.95,2017-09-16 00:09:09,BIGEYEWPO,0.968653729652389,0.711225781602376,0.460378269100495,0.1
3e64a4a4bf7,7.51,1002.5,10033.5,2.6935e-05,  Preset timeout reached,120,120,120,0.95,2017-09-16 00:12:03,BKINGCRABSMI,0.7969416389891,0.555953016209918,0.365512628849559,0.1
3e4234137ca,7.81,232.99,10289.8,0.0239314,  Preset timeout reached,120,120,120,0.95,2017-09-16 00:15:46,BIGEYEIO,0.417473114857043,0.939531993147468,0.028491712502314,0.4
3e743e77bb2,8.17,33.58,39.84,1.52629e-06,  target precision reached,120,120,120,0.95,2017-09-16 00:23:24,BLACKOREOWECR,0.121391081194744,1.0074911204467,0.0178139936488787,0.1
3e643e77bb2,7.24,156.45,205.7,-2.11701e-06,  target precision reached,120,120,120,0.95,2017-09-16 00:33:51,BLACKOREOPR,0.115953401793277,0.914530102361049,0.0130300960145658,0.4
3e043e77bb2,8.43,1197.97,10155.9,0.00641872,  Preset timeout reached,120,120,120,0.95,2017-09-16 00:42:06,BKINGCRABSMI,0.7969416389891,0.555953016209918,0.365512628849559,0.4
3e143e77bb2,8.24,301.37,10014.4,0.00143476,  Preset timeout reached,120,120,120,0.95,2017-09-16 00:55:11,BLACKGROUPERGMSATL,0.325678651902346,1.16979188481206,0.0396428886434004,0.1
3e243e77bb2,8.52,318.5,10009.4,0.00814073,  Preset timeout reached,120,120,120,0.95,2017-09-16 00:59:44,BLACKGROUPERGMSATL,0.325678651902346,1.16979188481206,0.0396428886434004,0.25
3e02824dda3,7.85,146.1,151.79,3.60637e-07,  target precision reached,120,120,120,0.95,2017-09-16 01:02:57,BLACKOREOWECR,0.121391081194744,1.0074911204467,0.0178139936488787,0.25
3e12824dda3,8.02,174.29,174.39,-2.8507e-05,  target precision reached,120,120,120,0.95,2017-09-16 01:16:58,BLACKOREOWECR,0.121391081194744,1.0074911204467,0.0178139936488787,0.4
3e343e77bb2,8.45,327.11,10028.8,0.0172711,  Preset timeout reached,120,120,120,0.95,2017-09-16 02:00:51,BLACKGROUPERGMSATL,0.325678651902346,1.16979188481206,0.0396428886434004,0.4
3e54a4a4bf7,8.23,1771.79,10095.9,8.55794e-05,  Preset timeout reached,120,120,120,0.95,2017-09-16 03:19:14,BKINGCRABPI,0.0120836107148179,0.0332121523089654,0.638726297275728,0.4
3e44a4a4bf7,7.93,1747.28,10022.1,3.61889e-05,  Preset timeout reached,120,120,120,0.95,2017-09-16 03:23:58,BKINGCRABPI,0.0120836107148179,0.0332121523089654,0.638726297275728,0.25
3e543e77bb2,8.16,125.56,158.12,-2.81713e-06,  target precision reached,120,120,120,0.95,2017-09-16 03:39:46,BLACKOREOPR,0.115953401793277,0.914530102361049,0.0130300960145658,0.25
3e443e77bb2,7.34,29.74,34.48,1.07367e-06,  target precision reached,120,120,120,0.95,2017-09-16 03:41:36,BLACKOREOPR,0.115953401793277,0.914530102361049,0.0130300960145658,0.1
3e72824dda3,8.64,425.56,10371.8,0.00860192,  Preset timeout reached,120,120,120,0.95,2017-09-16 03:43:15,BLUEFISHATLC,0.20703289588231,0.872540027903761,0.0668328611417561,0.4
3e62824dda3,8.55,410.07,10224,0.00398518,  Preset timeout reached,120,120,120,0.95,2017-09-16 03:50:56,BLUEFISHATLC,0.20703289588231,0.872540027903761,0.0668328611417561,0.25
3e22824dda3,7.98,623.29,10042.1,0.00184762,  Preset timeout reached,120,120,120,0.95,2017-09-16 04:09:19,BLACKROCKNPCOAST,0.89433570698507,0.93769478121007,0.137255600517695,0.1
3e01dbae8f7,8.26,2145.45,10068,0.000269625,  Preset timeout reached,120,120,120,0.95,2017-09-16 04:10:31,BMARLINPAC,1.11525107008234,0.682598333848405,0.586535101267259,0.1
3e11dbae8f7,8.71,2449.11,10122.5,0.00275595,  Preset timeout reached,120,120,120,0.95,2017-09-16 04:26:06,BMARLINPAC,1.11525107008234,0.682598333848405,0.586535101267259,0.25
3e32824dda3,8.75,682.88,10127.5,0.0260639,  Preset timeout reached,120,120,120,0.95,2017-09-16 05:12:26,BLACKROCKNPCOAST,0.89433570698507,0.93769478121007,0.137255600517695,0.25
3e52824dda3,7.84,373.28,10014.5,0.00043098,  Preset timeout reached,120,120,120,0.95,2017-09-16 06:51:54,BLUEFISHATLC,0.20703289588231,0.872540027903761,0.0668328611417561,0.1
3e42824dda3,8.13,697.34,10356.2,0.0614376,  Preset timeout reached,120,120,120,0.95,2017-09-16 06:56:52,BLACKROCKNPCOAST,0.89433570698507,0.93769478121007,0.137255600517695,0.4
3e71dbae8f7,8.16,563.97,10356,0.0266661,  Preset timeout reached,120,120,120,0.95,2017-09-16 06:58:06,BSBASSMATLC,0.965117600900959,0.904509362570608,0.113950446969769,0.25
3e61dbae8f7,8,524.37,10047,0.00234559,  Preset timeout reached,120,120,120,0.95,2017-09-16 07:00:00,BSBASSMATLC,0.965117600900959,0.904509362570608,0.113950446969769,0.1
3e21dbae8f7,9.06,2514.58,10004.1,0.0054105,  Preset timeout reached,120,120,120,0.95,2017-09-16 07:15:42,BMARLINPAC,1.11525107008234,0.682598333848405,0.586535101267259,0.4
3e045079eb0,8.56,573.21,10450.3,0.0579974,  Preset timeout reached,120,120,120,0.95,2017-09-16 07:26:38,BSBASSMATLC,0.965117600900959,0.904509362570608,0.113950446969769,0.4
3e145079eb0,8.16,575.65,10072.6,0.000799786,  Preset timeout reached,120,120,120,0.95,2017-09-16 07:35:10,BUTTERGOMCHATT,0.721494367424574,0.780990603038151,0.157828753501147,0.1
3e31dbae8f7,7.89,225.66,10010,0.00219912,  Preset timeout reached,120,120,120,0.95,2017-09-16 08:18:31,BNSNZ,0.199379775084114,0.949990027273699,0.0237281136618603,0.1
3e41dbae8f7,8.18,239.96,10143.5,0.0102971,  Preset timeout reached,120,120,120,0.95,2017-09-16 10:06:14,BNSNZ,0.199379775084114,0.949990027273699,0.0237281136618603,0.25
3e745079eb0,8.4,290.51,10000.6,0.00150376,  Preset timeout reached,120,120,120,0.95,2017-09-16 10:09:34,CABEZORECOAST,0.387432290838559,0.951146607657591,0.0471719162425974,0.1
3e51dbae8f7,8.08,248.46,10758,0.0188006,  Preset timeout reached,120,120,120,0.95,2017-09-16 10:11:04,BNSNZ,0.199379775084114,0.949990027273699,0.0237281136618603,0.4
3e645079eb0,8.39,604.39,10393.8,0.0198793,  Preset timeout reached,120,120,120,0.95,2017-09-16 10:19:02,CABEZNCAL,0.303684260176955,0.777439632385029,0.105234196021234,0.4
3e245079eb0,8.22,636.42,10149.7,0.0190186,  Preset timeout reached,120,120,120,0.95,2017-09-16 10:26:53,BUTTERGOMCHATT,0.721494367424574,0.780990603038151,0.157828753501147,0.25
3e060f777f,8.19,300.61,10021.5,0.0109612,  Preset timeout reached,120,120,120,0.95,2017-09-16 10:38:52,CABEZORECOAST,0.387432290838559,0.951146607657591,0.0471719162425974,0.25
3e160f777f,8.45,311.89,10136.2,0.0218075,  Preset timeout reached,120,120,120,0.95,2017-09-16 10:49:42,CABEZORECOAST,0.387432290838559,0.951146607657591,0.0471719162425974,0.4
3e345079eb0,8.47,666.3,10071,0.0472852,  Preset timeout reached,120,120,120,0.95,2017-09-16 11:28:44,BUTTERGOMCHATT,0.721494367424574,0.780990603038151,0.157828753501147,0.4
3e445079eb0,8.61,547.29,10013.7,0.000671211,  Preset timeout reached,120,120,120,0.95,2017-09-16 13:18:31,CABEZNCAL,0.303684260176955,0.777439632385029,0.105234196021234,0.1
3e760f777f,8.52,299.42,10032.8,0.0144062,  Preset timeout reached,120,120,120,0.95,2017-09-16 13:22:50,CHILISPCOAST,0.283357452878867,0.923079007093667,0.0439717859422235,0.4
3e545079eb0,8.24,572.3,10112.5,0.00835397,  Preset timeout reached,120,120,120,0.95,2017-09-16 13:25:13,CABEZNCAL,0.303684260176955,0.777439632385029,0.105234196021234,0.25
3e660f777f,8.88,295.11,10022.6,0.00694055,  Preset timeout reached,120,120,120,0.95,2017-09-16 13:31:28,CHILISPCOAST,0.283357452878867,0.923079007093667,0.0439717859422235,0.25
3e260f777f,8.72,877.19,10044.6,0.00072608,  Preset timeout reached,120,120,120,0.95,2017-09-16 13:35:22,CHAKESA,1.05880516376355,0.848039115180978,0.22082780064848,0.1
3e051d3d83f,7.87,919.25,10000.1,3.23204e-05,  Preset timeout reached,120,120,120,0.95,2017-09-16 13:45:37,CMACKPCOAST,0.474603393187586,0.547386232938571,0.304712846142228,0.1
3e151d3d83f,8.22,1060.76,10022.2,0.00132719,  Preset timeout reached,120,120,120,0.95,2017-09-16 13:57:44,CMACKPCOAST,0.474603393187586,0.547386232938571,0.304712846142228,0.25
3e651d3d83f,8.17,1555.65,2034.04,1.76195e-06,  target precision reached,120,120,120,0.95,2017-09-16 14:24:36,COD2J3KL,1.23229623866422,0.558218768483351,0.882869988874566,0.1
3e360f777f,8.23,961.04,10193.1,0.0205299,  Preset timeout reached,120,120,120,0.95,2017-09-16 14:39:42,CHAKESA,1.05880516376355,0.848039115180978,0.22082780064848,0.25
3e14f09718a,8.68,2007.55,4105.85,1.62268e-06,  target precision reached,120,120,120,0.95,2017-09-16 15:26:43,COD3M,0.646133169341274,0.748842260171035,0.823189313256743,0.1
3e751d3d83f,8.29,1681.39,10302.4,8.78528e-06,  Preset timeout reached,120,120,120,0.95,2017-09-16 16:34:32,COD2J3KL,1.23229623866422,0.558218768483351,0.882869988874566,0.25
3e560f777f,8.26,281.85,10001.7,0.00119311,  Preset timeout reached,120,120,120,0.95,2017-09-16 16:36:45,CHILISPCOAST,0.283357452878867,0.923079007093667,0.0439717859422235,0.1
3e251d3d83f,8.05,1104.44,10002.2,0.00487788,  Preset timeout reached,120,120,120,0.95,2017-09-16 16:42:57,CMACKPCOAST,0.474603393187586,0.547386232938571,0.304712846142228,0.4
3e460f777f,9.21,1002.94,10970.6,0.0610797,  Preset timeout reached,120,120,120,0.95,2017-09-16 16:43:38,CHAKESA,1.05880516376355,0.848039115180978,0.22082780064848,0.4
3e04f09718a,8.58,1774.59,10440.4,6.5774e-05,  Preset timeout reached,120,120,120,0.95,2017-09-16 16:58:13,COD2J3KL,1.23229623866422,0.558218768483351,0.882869988874566,0.4
3e64f09718a,8.83,1834.05,10283.4,1.27436e-05,  Preset timeout reached,120,120,120,0.95,2017-09-16 17:35:28,COD4VsW,0.804237412441943,0.56512639038772,0.980256104939589,0.4
3e351d3d83f,7.7,1457.89,10000.4,1.20017e-05,  Preset timeout reached,120,120,120,0.95,2017-09-16 17:44:25,CMACKPJPN,1.78127067677171,0.556857222017656,0.832747193711667,0.1
3e15ef5b1c0,8.3,2496.41,10276.3,0.0413575,  Preset timeout reached,120,120,120,0.95,2017-09-16 18:40:17,COD4X,0.816904023217525,0.885587468796288,0.420523734952579,0.4
3e74f09718a,8.6,2112.62,10328.2,0.000893604,  Preset timeout reached,120,120,120,0.95,2017-09-16 19:49:04,COD4X,0.816904023217525,0.885587468796288,0.420523734952579,0.1
3e451d3d83f,8.2,1631.75,10021.6,6.913e-05,  Preset timeout reached,120,120,120,0.95,2017-09-16 19:50:20,CMACKPJPN,1.78127067677171,0.556857222017656,0.832747193711667,0.25
3e551d3d83f,8.33,1627.09,10619.9,0.000137901,  Preset timeout reached,120,120,120,0.95,2017-09-16 19:53:13,CMACKPJPN,1.78127067677171,0.556857222017656,0.832747193711667,0.4
3e24f09718a,9.08,2150.32,10127.6,5.20192e-06,  Preset timeout reached,120,120,120,0.95,2017-09-16 19:54:09,COD3M,0.646133169341274,0.748842260171035,0.823189313256743,0.25
3e05ef5b1c0,8.79,2411.57,10702,0.0121812,  Preset timeout reached,120,120,120,0.95,2017-09-16 20:18:45,COD4X,0.816904023217525,0.885587468796288,0.420523734952579,0.25
3e25ef5b1c0,7.73,832.71,1030.15,1.7034e-06,  target precision reached,120,120,120,0.95,2017-09-16 20:28:32,CODKAT,1.52392884467211,0.275062851944898,0.536753180244397,0.1
3e44f09718a,8.18,1532.36,1779.28,1.83133e-06,  target precision reached,120,120,120,0.95,2017-09-16 20:40:04,COD4VsW,0.804237412441943,0.56512639038772,0.980256104939589,0.1
3e65ef5b1c0,8.32,2105.34,10046.7,0.000649302,  Preset timeout reached,120,120,120,0.95,2017-09-16 20:42:13,CODVIa,1.18569198551036,0.636082680195861,0.761883006575301,0.25
3e34f09718a,8.66,2301.65,10325.3,1.14405e-05,  Preset timeout reached,120,120,120,0.95,2017-09-16 20:57:41,COD3M,0.646133169341274,0.748842260171035,0.823189313256743,0.4
3e179f00b51,8.2,1200.06,10004.3,0.0024936,  Preset timeout reached,120,120,120,0.95,2017-09-16 21:49:54,COWCODSCAL,0.503351631751086,0.752878150730684,0.279383747187497,0.25
3e54f09718a,8.57,1767.87,8399.11,1.94789e-06,  target precision reached,120,120,120,0.95,2017-09-16 22:33:43,COD4VsW,0.804237412441943,0.56512639038772,0.980256104939589,0.25
3e75ef5b1c0,9.11,2189.29,10126.5,0.00112549,  Preset timeout reached,120,120,120,0.95,2017-09-16 22:58:20,CODVIa,1.18569198551036,0.636082680195861,0.761883006575301,0.4
3e079f00b51,8.13,1065.48,10002.8,8.05107e-05,  Preset timeout reached,120,120,120,0.95,2017-09-16 23:27:27,COWCODSCAL,0.503351631751086,0.752878150730684,0.279383747187497,0.1
3e279f00b51,8.83,1264.77,10118.9,0.00952665,  Preset timeout reached,120,120,120,0.95,2017-09-16 23:41:19,COWCODSCAL,0.503351631751086,0.752878150730684,0.279383747187497,0.4
3e45ef5b1c0,7.82,882.21,10000.1,1.16618e-05,  Preset timeout reached,120,120,120,0.95,2017-09-16 23:44:45,CODKAT,1.52392884467211,0.275062851944898,0.536753180244397,0.4
3e679f00b51,7.55,382.82,10101.4,0.00225137,  Preset timeout reached,120,120,120,0.95,2017-09-16 23:54:47,CROCKWCVANISOGQCI,0.616017386729538,0.887671555631717,0.0855705734729506,0.1
3e35ef5b1c0,7.84,871.79,10049.7,3.45619e-06,  Preset timeout reached,120,120,120,0.95,2017-09-17 00:02:05,CODKAT,1.52392884467211,0.275062851944898,0.536753180244397,0.25
3e17cbb70bc,8.46,210.91,10012.1,0.000507757,  Preset timeout reached,120,120,120,0.95,2017-09-17 00:59:35,CTRACSA,0.201022397985958,0.880313338038866,0.0343986887427816,0.1
3e55ef5b1c0,8.78,1884.53,10002.8,3.34155e-05,  Preset timeout reached,120,120,120,0.95,2017-09-17 01:40:42,CODVIa,1.18569198551036,0.636082680195861,0.761883006575301,0.1
3e779f00b51,8.3,414.48,10281.7,0.0210141,  Preset timeout reached,120,120,120,0.95,2017-09-17 02:14:32,CROCKWCVANISOGQCI,0.616017386729538,0.887671555631717,0.0855705734729506,0.25
3e27cbb70bc,8.52,231.23,10098.6,0.00313181,  Preset timeout reached,120,120,120,0.95,2017-09-17 02:53:43,CTRACSA,0.201022397985958,0.880313338038866,0.0343986887427816,0.25
3e07cbb70bc,8.43,434.52,11271.2,0.0449699,  Preset timeout reached,120,120,120,0.95,2017-09-17 02:59:25,CROCKWCVANISOGQCI,0.616017386729538,0.887671555631717,0.0855705734729506,0.4
3e479f00b51,8.56,736.37,10128.6,0.0135029,  Preset timeout reached,120,120,120,0.95,2017-09-17 02:59:56,CROCKPCOAST,0.432945501243835,0.907541306583822,0.136454593614382,0.25
3e67cbb70bc,8.24,2536.15,10060.5,0.0471239,  Preset timeout reached,120,120,120,0.95,2017-09-17 03:05:17,DEEPCHAKESA,1.51644207238335,0.959467749703145,0.412276374739795,0.4
3e379f00b51,8.42,671.45,10012.4,0.000759705,  Preset timeout reached,120,120,120,0.95,2017-09-17 03:13:19,CROCKPCOAST,0.432945501243835,0.907541306583822,0.136454593614382,0.1
3e13d043476,7.55,216.48,10131.4,0.0272166,  Preset timeout reached,120,120,120,0.95,2017-09-17 04:05:54,DSOLEPCOAST,0.153219969073138,1.00505855566612,0.0108444673975965,0.4
3e579f00b51,8.14,745.64,10196.2,0.0345606,  Preset timeout reached,120,120,120,0.95,2017-09-17 04:55:29,CROCKPCOAST,0.432945501243835,0.907541306583822,0.136454593614382,0.4
3e77cbb70bc,7.46,199.3,10033.6,0.00351373,  Preset timeout reached,120,120,120,0.95,2017-09-17 05:18:52,DSOLEPCOAST,0.153219969073138,1.00505855566612,0.0108444673975965,0.1
3e23d043476,8.59,482.25,10043.7,0.00125976,  Preset timeout reached,120,120,120,0.95,2017-09-17 06:04:04,ESOLEPCOAST,0.479644812519762,0.820697802055113,0.108670018087422,0.1
3e03d043476,7.95,217.05,10267,0.0167541,  Preset timeout reached,120,120,120,0.95,2017-09-17 06:08:03,DSOLEPCOAST,0.153219969073138,1.00505855566612,0.0108444673975965,0.25
3e47cbb70bc,7.84,2216.66,10076,0.00314955,  Preset timeout reached,120,120,120,0.95,2017-09-17 06:09:14,DEEPCHAKESA,1.51644207238335,0.959467749703145,0.412276374739795,0.1
3e63d043476,8.4,368.91,10064.6,0.0142234,  Preset timeout reached,120,120,120,0.95,2017-09-17 06:18:50,FLSOLEBSAI,0.447390006728578,0.93802545967109,0.0649354768635622,0.25
3e37cbb70bc,8.11,239.67,10304.1,0.00704911,  Preset timeout reached,120,120,120,0.95,2017-09-17 06:28:41,CTRACSA,0.201022397985958,0.880313338038866,0.0343986887427816,0.4
3e11e86311d,8.13,163.69,10200,0.0189478,  Preset timeout reached,120,120,120,0.95,2017-09-17 07:14:46,FLSOLEGA,0.356849043139894,0.966001878836654,0.0202323086950773,0.25
3e13522e9f3,8.58,1087.12,1177.78,1.97428e-06,  target precision reached,120,120,120,0.95,2017-09-17 07:59:58,GHALBSAI,7.1933816020395e-10,0.899169014382486,0.0447649991785977,0.1
3e57cbb70bc,8.72,2496.5,10849.5,0.0207748,  Preset timeout reached,120,120,120,0.95,2017-09-17 08:18:45,DEEPCHAKESA,1.51644207238335,0.959467749703145,0.412276374739795,0.25
3e73d043476,8.16,384.75,10291.7,0.0287491,  Preset timeout reached,120,120,120,0.95,2017-09-17 08:36:53,FLSOLEBSAI,0.447390006728578,0.93802545967109,0.0649354768635622,0.4
3e01e86311d,7.8,152.28,10013.9,0.00462318,  Preset timeout reached,120,120,120,0.95,2017-09-17 09:13:54,FLSOLEGA,0.356849043139894,0.966001878836654,0.0202323086950773,0.1
3e21e86311d,7.87,179.09,10420.2,0.0331002,  Preset timeout reached,120,120,120,0.95,2017-09-17 09:16:48,FLSOLEGA,0.356849043139894,0.966001878836654,0.0202323086950773,0.4
3e43d043476,8.9,540.38,10073.6,0.0379766,  Preset timeout reached,120,120,120,0.95,2017-09-17 09:22:05,ESOLEPCOAST,0.479644812519762,0.820697802055113,0.108670018087422,0.4
3e61e86311d,8.22,463.14,10016.7,0.00111191,  Preset timeout reached,120,120,120,0.95,2017-09-17 09:31:27,GEMFISHNZ,0.331299703072735,0.985444274068662,0.0812268172803841,0.1
3e33d043476,8.21,518.85,10065.5,0.0171676,  Preset timeout reached,120,120,120,0.95,2017-09-17 09:40:44,ESOLEPCOAST,0.479644812519762,0.820697802055113,0.108670018087422,0.25
3e63522e9f3,8.68,411.72,411.82,-2.34857e-06,  target precision reached,120,120,120,0.95,2017-09-17 10:06:27,GOPHERSPCOAST,0.15244177463566,0.980071665468111,0.0912748304828557,0.4
3e12aafb3fe,8.37,458.41,10117.3,0.020133,  Preset timeout reached,120,120,120,0.95,2017-09-17 11:14:40,GSTRGZRSTA7,0.331423965363694,0.901183918854598,0.078402505339417,0.4
3e53d043476,8.31,355.96,10023.8,0.00179811,  Preset timeout reached,120,120,120,0.95,2017-09-17 11:30:07,FLSOLEBSAI,0.447390006728578,0.93802545967109,0.0649354768635622,0.1
3e71e86311d,8.63,501.59,10026,0.0093241,  Preset timeout reached,120,120,120,0.95,2017-09-17 11:51:06,GEMFISHNZ,0.331299703072735,0.985444274068662,0.0812268172803841,0.25
3e03522e9f3,9.11,511.6,10014.2,0.0206807,  Preset timeout reached,120,120,120,0.95,2017-09-17 12:28:13,GEMFISHNZ,0.331299703072735,0.985444274068662,0.0812268172803841,0.4
3e23522e9f3,9.62,1308.89,10000.3,2.70573e-06,  Preset timeout reached,120,120,120,0.95,2017-09-17 12:29:54,GHALBSAI,7.1933816020395e-10,0.899169014382486,0.0447649991785977,0.25
3e41e86311d,9.2,799.56,10138.6,0.0100912,  Preset timeout reached,120,120,120,0.95,2017-09-17 12:37:07,GAGGM,0.356129247409804,0.762186613435707,0.167677787206826,0.25
3e31e86311d,8.03,702.02,10000.3,0.000377252,  Preset timeout reached,120,120,120,0.95,2017-09-17 12:51:51,GAGGM,0.356129247409804,0.762186613435707,0.167677787206826,0.1
3e43522e9f3,8.42,87.77,92.9,1.90399e-06,  target precision reached,120,120,120,0.95,2017-09-17 13:05:32,GOPHERSPCOAST,0.15244177463566,0.980071665468111,0.0912748304828557,0.1
3e62aafb3fe,9.65,2042.2,10275.1,0.0111153,  Preset timeout reached,120,120,120,0.95,2017-09-17 13:25:55,HADGB,0.425025213848736,1.34210130279142,0.248306680495278,0.25
3e648e09910,7.56,1283.72,1661.8,1.94603e-06,  target precision reached,120,120,120,0.95,2017-09-17 14:11:10,HERRPRD,1.33738873739308,0.446816777615639,0.935871726396293,0.1
3e148e09910,8.32,1581.17,10003.4,0.000465242,  Preset timeout reached,120,120,120,0.95,2017-09-17 14:21:50,HADVIa,1.44194045409382,0.483429707071704,0.549893377603553,0.25
3e51e86311d,9.04,820.76,10464.3,0.0276051,  Preset timeout reached,120,120,120,0.95,2017-09-17 14:50:31,GAGGM,0.356129247409804,0.762186613435707,0.167677787206826,0.4
3e73522e9f3,8.39,408.3,10040.6,0.00105927,  Preset timeout reached,120,120,120,0.95,2017-09-17 15:03:24,GSTRGZRSTA7,0.331423965363694,0.901183918854598,0.078402505339417,0.1
3e13f82f089,8.03,1308.53,1438.82,1.96569e-06,  target precision reached,120,120,120,0.95,2017-09-17 15:04:37,HERRQCI,0.637773365967038,0.481505117881785,0.725200200563189,0.1
3e33522e9f3,10.26,1439.27,6654.37,-6.55477e-06,  target precision reached,120,120,120,0.95,2017-09-17 15:07:40,GHALBSAI,7.1933816020395e-10,0.899169014382486,0.0447649991785977,0.4
3e53522e9f3,8.82,335.67,345.4,3.69774e-07,  target precision reached,120,120,120,0.95,2017-09-17 15:24:38,GOPHERSPCOAST,0.15244177463566,0.980071665468111,0.0912748304828557,0.25
3e22aafb3fe,8.86,1259.8,10043.6,0.00048278,  Preset timeout reached,120,120,120,0.95,2017-09-17 15:42:28,HAD5Y,0.578456914655887,0.866067946825054,0.27693318893824,0.1
3e02aafb3fe,9.66,443.73,10115.1,0.00933883,  Preset timeout reached,120,120,120,0.95,2017-09-17 15:44:42,GSTRGZRSTA7,0.331423965363694,0.901183918854598,0.078402505339417,0.25
3e42aafb3fe,8.54,1476.37,10128.1,0.0514657,  Preset timeout reached,120,120,120,0.95,2017-09-17 16:17:25,HAD5Y,0.578456914655887,0.866067946825054,0.27693318893824,0.4
3e63f82f089,8.45,1133.6,10028.6,0.0124682,  Preset timeout reached,120,120,120,0.95,2017-09-17 17:19:03,HERRSOG,0.886675697774663,0.66464844123786,0.313520588860371,0.4
3e174a5ae98,8.47,1459.86,10485.6,4.23638e-06,  Preset timeout reached,120,120,120,0.95,2017-09-17 18:18:23,HERRWCVANI,0.574522898144557,0.466308868238824,0.589384838070284,0.4
3e32aafb3fe,9.12,1451.9,10570.4,0.0139127,  Preset timeout reached,120,120,120,0.95,2017-09-17 18:26:52,HAD5Y,0.578456914655887,0.866067946825054,0.27693318893824,0.25
3e72aafb3fe,9.48,2052.57,10824.8,0.0404505,  Preset timeout reached,120,120,120,0.95,2017-09-17 18:31:17,HADGB,0.425025213848736,1.34210130279142,0.248306680495278,0.4
3e52aafb3fe,9.62,1796.71,10127.5,0.000321848,  Preset timeout reached,120,120,120,0.95,2017-09-17 18:39:55,HADGB,0.425025213848736,1.34210130279142,0.248306680495278,0.1
3e048e09910,7.99,1427.59,10006.4,6.27879e-05,  Preset timeout reached,120,120,120,0.95,2017-09-17 18:49:17,HADVIa,1.44194045409382,0.483429707071704,0.549893377603553,0.1
3e248e09910,7.97,1619.75,10140.4,0.00100741,  Preset timeout reached,120,120,120,0.95,2017-09-17 18:49:51,HADVIa,1.44194045409382,0.483429707071704,0.549893377603553,0.4
3e348e09910,7.75,1224.85,1506.28,1.94103e-06,  target precision reached,120,120,120,0.95,2017-09-17 19:08:52,HERRCC,1.02808774856076,0.422623606284104,0.711963797355625,0.1
3e448e09910,8.27,1351.03,10576.8,2.89258e-06,  Preset timeout reached,120,120,120,0.95,2017-09-17 19:32:11,HERRCC,1.02808774856076,0.422623606284104,0.711963797355625,0.25
3e674a5ae98,8.4,364.53,10092,0.0213555,  Preset timeout reached,120,120,120,0.95,2017-09-17 20:30:35,HOKIENZ,0.645578555108356,0.929091905530758,0.0701306915777471,0.25
3e23f82f089,8.61,1461.36,6065.86,1.85813e-06,  target precision reached,120,120,120,0.95,2017-09-17 20:50:08,HERRQCI,0.637773365967038,0.481505117881785,0.725200200563189,0.25
3e1776cfca2,8.7,733.57,10254.1,0.0232339,  Preset timeout reached,120,120,120,0.95,2017-09-17 21:31:21,HOKIWNZ,0.86058154302507,0.88212165318145,0.160485689357132,0.25
3e748e09910,8.12,1342.61,10214.4,5.76209e-06,  Preset timeout reached,120,120,120,0.95,2017-09-17 21:39:37,HERRPRD,1.33738873739308,0.446816777615639,0.935871726396293,0.25
3e548e09910,8.28,1423.26,10035.9,2.24769e-05,  Preset timeout reached,120,120,120,0.95,2017-09-17 21:45:16,HERRCC,1.02808774856076,0.422623606284104,0.711963797355625,0.4
3e03f82f089,8.34,1395.8,10677.3,3.38509e-05,  Preset timeout reached,120,120,120,0.95,2017-09-17 22:05:46,HERRPRD,1.33738873739308,0.446816777615639,0.935871726396293,0.4
3e33f82f089,8.26,1562.81,10241.2,7.08367e-06,  Preset timeout reached,120,120,120,0.95,2017-09-17 22:18:03,HERRQCI,0.637773365967038,0.481505117881785,0.725200200563189,0.4
3e73f82f089,8.2,1207.18,1262.5,1.88977e-06,  target precision reached,120,120,120,0.95,2017-09-17 22:18:39,HERRWCVANI,0.574522898144557,0.466308868238824,0.589384838070284,0.1
3e43f82f089,8.01,957.84,10018.9,0.000147252,  Preset timeout reached,120,120,120,0.95,2017-09-17 22:37:50,HERRSOG,0.886675697774663,0.66464844123786,0.313520588860371,0.1
3e074a5ae98,8.7,1353.15,3057.23,1.89019e-06,  target precision reached,120,120,120,0.95,2017-09-17 23:15:55,HERRWCVANI,0.574522898144557,0.466308868238824,0.589384838070284,0.25
3e6776cfca2,8.48,491.54,10007.8,0.00128072,  Preset timeout reached,120,120,120,0.95,2017-09-17 23:41:31,KELPGREENLINGORECOAST,0.474305061550325,0.869824681898687,0.104676294707361,0.1
3e274a5ae98,8.21,2003.3,10035.8,0.000113309,  Preset timeout reached,120,120,120,0.95,2017-09-17 23:57:41,HMACKCH,0.869324554082867,0.696769955371473,0.520614540635569,0.1
3e1350e65ff,8.32,348.49,10038.9,0.00332609,  Preset timeout reached,120,120,120,0.95,2017-09-18 00:41:26,LNOSESKAPCOAST,0.698348953405091,0.940319841147363,0.0672687202795987,0.1
3e53f82f089,8.58,1100.27,10002.1,0.0034718,  Preset timeout reached,120,120,120,0.95,2017-09-18 00:51:50,HERRSOG,0.886675697774663,0.66464844123786,0.313520588860371,0.25
3e374a5ae98,8.75,2305.84,10025.5,0.0018996,  Preset timeout reached,120,120,120,0.95,2017-09-18 01:24:25,HMACKCH,0.869324554082867,0.696769955371473,0.520614540635569,0.25
3e774a5ae98,8.38,382.72,10720.5,0.0428531,  Preset timeout reached,120,120,120,0.95,2017-09-18 01:41:11,HOKIENZ,0.645578555108356,0.929091905530758,0.0701306915777471,0.4
3e474a5ae98,8.45,2396.45,10102,0.00556803,  Preset timeout reached,120,120,120,0.95,2017-09-18 01:46:36,HMACKCH,0.869324554082867,0.696769955371473,0.520614540635569,0.4
3e0776cfca2,7.84,654.47,10024.3,0.00117265,  Preset timeout reached,120,120,120,0.95,2017-09-18 02:24:44,HOKIWNZ,0.86058154302507,0.88212165318145,0.160485689357132,0.1
3e6350e65ff,8.05,192.49,10051.2,0.0126462,  Preset timeout reached,120,120,120,0.95,2017-09-18 02:48:43,LSTHORNHPCOAST,0.233783801381995,0.834846777777799,0.0273745357745641,0.4
3e2776cfca2,8.24,751.46,10349.7,0.0590692,  Preset timeout reached,120,120,120,0.95,2017-09-18 03:11:36,HOKIWNZ,0.86058154302507,0.88212165318145,0.160485689357132,0.4
3e574a5ae98,8.21,352,10027.4,0.00288743,  Preset timeout reached,120,120,120,0.95,2017-09-18 04:01:59,HOKIENZ,0.645578555108356,0.929091905530758,0.0701306915777471,0.1
3e13055fe74,8.23,441.21,11238.9,0.046,  Preset timeout reached,120,120,120,0.95,2017-09-18 04:11:52,MACKNEICES,0.666416430619832,0.890063009655802,0.0874621096219231,0.4
3e3776cfca2,8.26,1523.8,10001.5,0.00019333,  Preset timeout reached,120,120,120,0.95,2017-09-18 04:30:16,JANCHOPJPN,1.17271228950265,0.607425946971168,0.467625156715809,0.1
3e165f6574a,8.22,158.32,209.05,-4.00272e-06,  target precision reached,120,120,120,0.95,2017-09-18 04:35:56,NZLINGLIN3-4,0.0805642030320151,0.971485903274735,0.0217478544148009,0.25
3e7776cfca2,8.33,526.07,10005.3,0.0164181,  Preset timeout reached,120,120,120,0.95,2017-09-18 04:53:32,KELPGREENLINGORECOAST,0.474305061550325,0.869824681898687,0.104676294707361,0.25
3e4776cfca2,7.43,1695.82,10034.9,0.00264468,  Preset timeout reached,120,120,120,0.95,2017-09-18 04:54:18,JANCHOPJPN,1.17271228950265,0.607425946971168,0.467625156715809,0.25
3e0350e65ff,8.22,534.76,10000.5,0.0370192,  Preset timeout reached,120,120,120,0.95,2017-09-18 05:36:50,KELPGREENLINGORECOAST,0.474305061550325,0.869824681898687,0.104676294707361,0.4
3e63055fe74,8.54,719.13,10004.5,0.010648,  Preset timeout reached,120,120,120,0.95,2017-09-18 06:01:39,NRSOLEEBSAI,0.351245602217573,1.04636040182344,0.112053783956947,0.25
3e2350e65ff,8.7,365.17,10118.2,0.0220717,  Preset timeout reached,120,120,120,0.95,2017-09-18 06:23:59,LNOSESKAPCOAST,0.698348953405091,0.940319841147363,0.0672687202795987,0.25
3e665f6574a,8.73,50.67,56.96,1.8602e-06,  target precision reached,120,120,120,0.95,2017-09-18 06:28:47,NZLINGLIN6b,0.152913563397798,0.984172064913247,0.047892131694311,0.1
3e23055fe74,8.72,50.49,52.63,1.49885e-06,  target precision reached,120,120,120,0.95,2017-09-18 06:49:55,NROCKGA,0.124633192718966,1.27260663072841,0.0392669162258958,0.1
3e6132991bc,8.54,195.74,230.41,-8.23676e-06,  target precision reached,120,120,120,0.95,2017-09-18 06:54:34,NZLINGLIN7WC,0.157079732183681,0.934658097301557,0.0291041257535498,0.4
3e5776cfca2,8.31,1776.43,10011.4,0.00630509,  Preset timeout reached,120,120,120,0.95,2017-09-18 07:08:51,JANCHOPJPN,1.17271228950265,0.607425946971168,0.467625156715809,0.4
3e265f6574a,7.8,192.43,268.09,-8.90544e-06,  target precision reached,120,120,120,0.95,2017-09-18 07:15:11,NZLINGLIN3-4,0.0805642030320151,0.971485903274735,0.0217478544148009,0.4
3e64737061d,8.42,178.64,178.68,-1.13922e-05,  target precision reached,120,120,120,0.95,2017-09-18 07:23:34,OROUGHYCH,0.201747473552344,0.672397964009132,0.0503158067332031,0.25
3e1132991bc,7.85,225.77,10005.8,0.000766107,  Preset timeout reached,120,120,120,0.95,2017-09-18 07:42:54,NZLINGLIN72,0.195246849160468,0.927855779869776,0.0277642236966665,0.1
3e3350e65ff,8.95,383.71,10142.7,0.0456299,  Preset timeout reached,120,120,120,0.95,2017-09-18 07:43:23,LNOSESKAPCOAST,0.698348953405091,0.940319841147363,0.0672687202795987,0.4
3e4350e65ff,7.46,170.67,10001.6,0.00224173,  Preset timeout reached,120,120,120,0.95,2017-09-18 08:01:36,LSTHORNHPCOAST,0.233783801381995,0.834846777777799,0.0273745357745641,0.1
3e7350e65ff,8.27,402.84,10039.4,0.00230771,  Preset timeout reached,120,120,120,0.95,2017-09-18 08:04:06,MACKNEICES,0.666416430619832,0.890063009655802,0.0874621096219231,0.1
3e33055fe74,8.31,219.92,219.99,-6.8649e-06,  target precision reached,120,120,120,0.95,2017-09-18 08:12:09,NROCKGA,0.124633192718966,1.27260663072841,0.0392669162258958,0.25
3e43055fe74,8.58,266.72,266.83,-8.74694e-05,  target precision reached,120,120,120,0.95,2017-09-18 08:32:21,NROCKGA,0.124633192718966,1.27260663072841,0.0392669162258958,0.4
3e03055fe74,8.5,430.57,10303.5,0.0225757,  Preset timeout reached,120,120,120,0.95,2017-09-18 08:52:56,MACKNEICES,0.666416430619832,0.890063009655802,0.0874621096219231,0.25
3e065f6574a,7.92,37.64,45.68,1.24574e-06,  target precision reached,120,120,120,0.95,2017-09-18 09:14:23,NZLINGLIN3-4,0.0805642030320151,0.971485903274735,0.0217478544148009,0.1
3e0132991bc,8.72,265.73,276.46,-1.93891e-06,  target precision reached,120,120,120,0.95,2017-09-18 09:46:26,NZLINGLIN6b,0.152913563397798,0.984172064913247,0.047892131694311,0.4
3e5350e65ff,8.2,186.55,10062.1,0.00767796,  Preset timeout reached,120,120,120,0.95,2017-09-18 10:17:54,LSTHORNHPCOAST,0.233783801381995,0.834846777777799,0.0273745357745641,0.25
3e2132991bc,8.75,241.06,10056.6,0.00429945,  Preset timeout reached,120,120,120,0.95,2017-09-18 10:24:55,NZLINGLIN72,0.195246849160468,0.927855779869776,0.0277642236966665,0.25
3e62498218f,8.04,1595.71,10020.3,3.0535e-05,  Preset timeout reached,120,120,120,0.95,2017-09-18 10:28:42,PACBTUNA,1.40772757747729,0.542192521849307,0.685208618531808,0.1
3e14737061d,8.6,402.3,10468.3,0.00756191,  Preset timeout reached,120,120,120,0.95,2017-09-18 11:03:40,NZSNAPNZ8,0.199102148670403,0.908756106022797,0.0593868444472346,0.4
3e365f6574a,7.56,190.12,10010.8,0.00232293,  Preset timeout reached,120,120,120,0.95,2017-09-18 11:17:26,NZLINGLIN5-6,0.16942616415795,0.961376763647122,0.0192535224061733,0.1
3e73055fe74,8.74,744.14,10216.4,0.0253409,  Preset timeout reached,120,120,120,0.95,2017-09-18 11:21:35,NRSOLEEBSAI,0.351245602217573,1.04636040182344,0.112053783956947,0.4
3e12498218f,8.09,131.03,210.44,-1.75595e-06,  target precision reached,120,120,120,0.95,2017-09-18 11:25:24,OROUGHYCR,0.0981107720417646,0.835436876272455,0.0141629965896295,0.25
3e465f6574a,7.92,200.58,10148.1,0.0103492,  Preset timeout reached,120,120,120,0.95,2017-09-18 11:41:05,NZLINGLIN5-6,0.16942616415795,0.961376763647122,0.0192535224061733,0.25
3e765f6574a,8.81,213.4,233.2,1.44052e-06,  target precision reached,120,120,120,0.95,2017-09-18 11:53:00,NZLINGLIN6b,0.152913563397798,0.984172064913247,0.047892131694311,0.25
3e4132991bc,7.86,37.89,68.63,1.84536e-06,  target precision reached,120,120,120,0.95,2017-09-18 12:04:23,NZLINGLIN7WC,0.157079732183681,0.934658097301557,0.0291041257535498,0.1
3e04737061d,9.07,394.13,10134.9,0.00341275,  Preset timeout reached,120,120,120,0.95,2017-09-18 13:02:47,NZSNAPNZ8,0.199102148670403,0.908756106022797,0.0593868444472346,0.25
3e02498218f,7.58,30.79,40.53,1.36552e-06,  target precision reached,120,120,120,0.95,2017-09-18 13:21:12,OROUGHYCR,0.0981107720417646,0.835436876272455,0.0141629965896295,0.1
3e24737061d,7.85,480.04,10016.4,0.000227807,  Preset timeout reached,120,120,120,0.95,2017-09-18 13:30:50,OFLOUNSETO,1.84075531935684,0.656326576586817,0.150183316645562,0.1
3e53055fe74,8.49,661.96,10019.3,0.000829096,  Preset timeout reached,120,120,120,0.95,2017-09-18 13:31:07,NRSOLEEBSAI,0.351245602217573,1.04636040182344,0.112053783956947,0.1
3e66374ff8e,8.49,243.64,10159.1,0.0119873,  Preset timeout reached,120,120,120,0.95,2017-09-18 13:39:39,PAUANPAU5A,0.288946360820298,0.928918852673235,0.0323858499630235,0.4
3e22498218f,7.99,158.78,319.08,-7.70247e-08,  target precision reached,120,120,120,0.95,2017-09-18 13:54:26,OROUGHYCR,0.0981107720417646,0.835436876272455,0.0141629965896295,0.4
3e3132991bc,7.95,252.74,10462.7,0.00929732,  Preset timeout reached,120,120,120,0.95,2017-09-18 14:32:44,NZLINGLIN72,0.195246849160468,0.927855779869776,0.0277642236966665,0.4
3e16374ff8e,8.27,670.43,10009,0.000136724,  Preset timeout reached,120,120,120,0.95,2017-09-18 14:33:21,PATGRENADIERSARG,0.777424504953685,0.717295160946535,0.202658695133245,0.1
3e7132991bc,8.52,378.8,10002.7,0.000418795,  Preset timeout reached,120,120,120,0.95,2017-09-18 15:06:28,NZSNAPNZ8,0.199102148670403,0.908756106022797,0.0593868444472346,0.1
3e44737061d,8.16,522.64,10370.4,0.000831606,  Preset timeout reached,120,120,120,0.95,2017-09-18 15:17:38,OFLOUNSETO,1.84075531935684,0.656326576586817,0.150183316645562,0.4
3e74737061d,8.74,224.92,224.99,-3.31635e-05,  target precision reached,120,120,120,0.95,2017-09-18 15:35:40,OROUGHYCH,0.201747473552344,0.672397964009132,0.0503158067332031,0.4
3e42498218f,8.4,170.17,187.05,-1.20305e-06,  target precision reached,120,120,120,0.95,2017-09-18 15:42:52,OROUGHYNZMEC,0.0586560803087998,1.08158355807726,0.0234559124247213,0.25
3e06374ff8e,8.4,1814.87,10019.3,0.000807197,  Preset timeout reached,120,120,120,0.95,2017-09-18 16:27:01,PACBTUNA,1.40772757747729,0.542192521849307,0.685208618531808,0.4
3e565f6574a,7.76,205.78,10465.9,0.0196428,  Preset timeout reached,120,120,120,0.95,2017-09-18 16:44:41,NZLINGLIN5-6,0.16942616415795,0.961376763647122,0.0192535224061733,0.4
3e6493cd52b,8.33,373.13,10070.8,0.00979772,  Preset timeout reached,120,120,120,0.95,2017-09-18 16:53:54,PAUAPAU7,0.346486978088309,0.850720769658802,0.0692460812660476,0.25
3e26374ff8e,8.15,766.9,10035,0.00509945,  Preset timeout reached,120,120,120,0.95,2017-09-18 17:02:15,PATGRENADIERSARG,0.777424504953685,0.717295160946535,0.202658695133245,0.25
3e5132991bc,8.27,163.1,196.27,-3.86125e-06,  target precision reached,120,120,120,0.95,2017-09-18 17:09:02,NZLINGLIN7WC,0.157079732183681,0.934658097301557,0.0291041257535498,0.25
3e54737061d,7.93,43.11,43.13,-9.42441e-08,  target precision reached,120,120,120,0.95,2017-09-18 17:32:54,OROUGHYCH,0.201747473552344,0.672397964009132,0.0503158067332031,0.1
3e34737061d,8.03,498.93,10052.8,0.000671588,  Preset timeout reached,120,120,120,0.95,2017-09-18 17:40:18,OFLOUNSETO,1.84075531935684,0.656326576586817,0.150183316645562,0.25
3e1493cd52b,7.95,244.35,10089.7,0.0123856,  Preset timeout reached,120,120,120,0.95,2017-09-18 17:42:57,PAUAPAU5B,0.241007407886545,0.938247335626286,0.0308347468721627,0.4
3e52498218f,8.23,209.68,218.64,-5.66634e-06,  target precision reached,120,120,120,0.95,2017-09-18 17:57:02,OROUGHYNZMEC,0.0586560803087998,1.08158355807726,0.0234559124247213,0.4
3e32498218f,7.93,40.06,45.73,9.86761e-07,  target precision reached,120,120,120,0.95,2017-09-18 18:01:37,OROUGHYNZMEC,0.0586560803087998,1.08158355807726,0.0234559124247213,0.1
3e72498218f,8.49,1749.8,10012.8,0.000327504,  Preset timeout reached,120,120,120,0.95,2017-09-18 18:41:57,PACBTUNA,1.40772757747729,0.542192521849307,0.685208618531808,0.25
3e46374ff8e,7.73,211.77,10004.8,0.000976995,  Preset timeout reached,120,120,120,0.95,2017-09-18 18:51:10,PAUANPAU5A,0.288946360820298,0.928918852673235,0.0323858499630235,0.1
3e0493cd52b,8.08,238.73,10084,0.00645487,  Preset timeout reached,120,120,120,0.95,2017-09-18 19:36:51,PAUAPAU5B,0.241007407886545,0.938247335626286,0.0308347468721627,0.25
3e64a1ff5bd,8.06,1819.15,10063.1,0.000699549,  Preset timeout reached,120,120,120,0.95,2017-09-18 20:00:16,PCODGA,1.35612176758109,0.753985236763126,0.453565611532356,0.1
3e2493cd52b,8.02,291.99,10039.2,0.00121083,  Preset timeout reached,120,120,120,0.95,2017-09-18 20:13:33,PAUAPAU5D,0.32822382271281,0.858113354378929,0.0517499571450119,0.1
3e14a1ff5bd,8.35,224.32,10085.6,0.00604893,  Preset timeout reached,120,120,120,0.95,2017-09-18 20:52:44,PAUASPAU5A,0.243345753022605,0.890918469804585,0.0324467003138361,0.25
3e56374ff8e,8.08,222.81,10129.9,0.00553098,  Preset timeout reached,120,120,120,0.95,2017-09-18 21:06:38,PAUANPAU5A,0.288946360820298,0.928918852673235,0.0323858499630235,0.25
3e36374ff8e,8.14,787.6,10065,0.0150898,  Preset timeout reached,120,120,120,0.95,2017-09-18 21:08:57,PATGRENADIERSARG,0.777424504953685,0.717295160946535,0.202658695133245,0.4
3e76374ff8e,7.93,217.66,10001.1,0.00143811,  Preset timeout reached,120,120,120,0.95,2017-09-18 21:49:20,PAUAPAU5B,0.241007407886545,0.938247335626286,0.0308347468721627,0.1
3e4493cd52b,8.42,319.43,10049.8,0.0168213,  Preset timeout reached,120,120,120,0.95,2017-09-18 22:03:31,PAUAPAU5D,0.32822382271281,0.858113354378929,0.0517499571450119,0.4
3e04a1ff5bd,8.08,213.28,10030.8,0.00143013,  Preset timeout reached,120,120,120,0.95,2017-09-18 22:45:00,PAUASPAU5A,0.243345753022605,0.890918469804585,0.0324467003138361,0.1
3e663c4b5fe,8.15,303.01,10027.1,0.0141867,  Preset timeout reached,120,120,120,0.95,2017-09-18 23:11:26,PHALNPAC,0.27773872237163,1.08363391864736,0.0402063571465682,0.4
3e24a1ff5bd,7.71,232.98,10086.8,0.0117005,  Preset timeout reached,120,120,120,0.95,2017-09-18 23:23:01,PAUASPAU5A,0.243345753022605,0.890918469804585,0.0324467003138361,0.4
3e163c4b5fe,8.83,594.5,10097.8,0.000848835,  Preset timeout reached,120,120,120,0.95,2017-09-19 00:04:20,PHAKEPCOAST,0.562097663524037,0.812597794513823,0.151855097655547,0.1
3e5493cd52b,8.51,355.45,10005.9,0.00121612,  Preset timeout reached,120,120,120,0.95,2017-09-19 00:19:53,PAUAPAU7,0.346486978088309,0.850720769658802,0.0692460812660476,0.1
3e3493cd52b,8.87,313.69,10033.3,0.00852692,  Preset timeout reached,120,120,120,0.95,2017-09-19 00:22:24,PAUAPAU5D,0.32822382271281,0.858113354378929,0.0517499571450119,0.25
3e7493cd52b,9.18,391.58,10411.4,0.0205545,  Preset timeout reached,120,120,120,0.95,2017-09-19 01:09:14,PAUAPAU7,0.346486978088309,0.850720769658802,0.0692460812660476,0.4
3e44a1ff5bd,8.57,1189.2,10006.7,0.00860992,  Preset timeout reached,120,120,120,0.95,2017-09-19 01:12:04,PCODBSAI,1.23637690534117,0.806422652862547,0.271767861779634,0.25
3e063c4b5fe,8.45,2114.15,10011.7,0.0117493,  Preset timeout reached,120,120,120,0.95,2017-09-19 01:52:49,PCODGA,1.35612176758109,0.753985236763126,0.453565611532356,0.4
3e62a766b65,7.66,719.35,10042.9,0.00348323,  Preset timeout reached,120,120,120,0.95,2017-09-19 02:20:37,PINKSHRIMPGM,0.634525243273532,0.663825656416556,0.211806066443869,0.25
3e263c4b5fe,8.32,652.01,10179.3,0.0176335,  Preset timeout reached,120,120,120,0.95,2017-09-19 02:35:47,PHAKEPCOAST,0.562097663524037,0.812597794513823,0.151855097655547,0.25
3e12a766b65,9.16,2436.2,10028.7,0.00388391,  Preset timeout reached,120,120,120,0.95,2017-09-19 03:11:49,PILCHPJPN,1.13510563852149,0.661647792268993,0.615139297041111,0.4
3e54a1ff5bd,8.42,1250.28,10031.5,0.02289,  Preset timeout reached,120,120,120,0.95,2017-09-19 03:28:12,PCODBSAI,1.23637690534117,0.806422652862547,0.271767861779634,0.4
3e34a1ff5bd,8.22,1069.38,10050.5,0.00070753,  Preset timeout reached,120,120,120,0.95,2017-09-19 03:30:18,PCODBSAI,1.23637690534117,0.806422652862547,0.271767861779634,0.1
3e22a766b65,7.99,1782.22,2629.68,1.84064e-06,  target precision reached,120,120,120,0.95,2017-09-19 03:38:45,PILCHTSST,1.30527417987569,0.663722746505065,1.21443408125987,0.1
3e74a1ff5bd,8.88,2059.64,10012.8,0.00548882,  Preset timeout reached,120,120,120,0.95,2017-09-19 04:17:07,PCODGA,1.35612176758109,0.753985236763126,0.453565611532356,0.25
3e463c4b5fe,8.19,273.58,10019.2,0.00128045,  Preset timeout reached,120,120,120,0.95,2017-09-19 04:23:42,PHALNPAC,0.27773872237163,1.08363391864736,0.0402063571465682,0.1
3e02a766b65,8.49,2314.76,10012.4,0.00208753,  Preset timeout reached,120,120,120,0.95,2017-09-19 04:59:19,PILCHPJPN,1.13510563852149,0.661647792268993,0.615139297041111,0.25
3e657a7016e,7.86,738.24,10014.2,0.000315332,  Preset timeout reached,120,120,120,0.95,2017-09-19 05:26:19,PLAICNS,1.63727276906256,0.652501937935219,0.227060940086604,0.1
3e157a7016e,8.25,592.84,10263.1,0.00873663,  Preset timeout reached,120,120,120,0.95,2017-09-19 06:22:38,PLAICCELT,1.63776591066605,0.7356458437907,0.13810938014539,0.25
3e563c4b5fe,7.8,287.36,10051.3,0.00703641,  Preset timeout reached,120,120,120,0.95,2017-09-19 06:39:42,PHALNPAC,0.27773872237163,1.08363391864736,0.0402063571465682,0.25
3e363c4b5fe,8.26,667.92,10195.6,0.0438807,  Preset timeout reached,120,120,120,0.95,2017-09-19 06:42:20,PHAKEPCOAST,0.562097663524037,0.812597794513823,0.151855097655547,0.4
3e136e69f2,8.31,65.15,69.34,1.97388e-06,  target precision reached,120,120,120,0.95,2017-09-19 06:49:06,POLL5YZ,0.166228484045471,0.884879026654464,0.0703167660286123,0.1
3e257a7016e,7.6,605.03,10445.6,0.0154794,  Preset timeout reached,120,120,120,0.95,2017-09-19 06:52:29,PLAICCELT,1.63776591066605,0.7356458437907,0.13810938014539,0.4
3e236e69f2,8.6,264.2,270.4,4.6677e-07,  target precision reached,120,120,120,0.95,2017-09-19 07:22:59,POLL5YZ,0.166228484045471,0.884879026654464,0.0703167660286123,0.25
3e763c4b5fe,8.83,2097.88,10007.1,0.000149904,  Preset timeout reached,120,120,120,0.95,2017-09-19 07:23:26,PILCHPJPN,1.13510563852149,0.661647792268993,0.615139297041111,0.1
3e42a766b65,8.38,1991.49,10284,6.28508e-05,  Preset timeout reached,120,120,120,0.95,2017-09-19 07:34:49,PILCHTSST,1.30527417987569,0.663722746505065,1.21443408125987,0.4
3e057a7016e,7.38,533.01,10006.5,0.000955873,  Preset timeout reached,120,120,120,0.95,2017-09-19 08:04:48,PLAICCELT,1.63776591066605,0.7356458437907,0.13810938014539,0.1
3e636e69f2,8.14,1633.19,10058.4,0.00584365,  Preset timeout reached,120,120,120,0.95,2017-09-19 08:34:13,POPERCHGA,0.774872029831344,0.610776766265697,0.41760282338405,0.4
3e52a766b65,8.37,633.21,10008.4,0.000105421,  Preset timeout reached,120,120,120,0.95,2017-09-19 09:46:18,PINKSHRIMPGM,0.634525243273532,0.663825656416556,0.211806066443869,0.1
3e11f1939,8.12,2562.83,10036.9,0.00839292,  Preset timeout reached,120,120,120,0.95,2017-09-19 09:56:30,PSOLEPCOAST,1.23216000322935,0.745765348514972,0.539616125962563,0.4
3e32a766b65,8.5,1940.57,10516.3,9.70334e-06,  Preset timeout reached,120,120,120,0.95,2017-09-19 09:57:20,PILCHTSST,1.30527417987569,0.663722746505065,1.21443408125987,0.25
3e72a766b65,8.19,740.68,10025.5,0.010488,  Preset timeout reached,120,120,120,0.95,2017-09-19 10:30:57,PINKSHRIMPGM,0.634525243273532,0.663825656416556,0.211806066443869,0.4
3e21f1939,7.9,341.96,10154.2,0.000408567,  Preset timeout reached,120,120,120,0.95,2017-09-19 10:37:24,PTOOTHFISHMI,0.175850343385447,0.960782520581314,0.0516782919177883,0.1
3e457a7016e,8.72,427.63,10098.8,0.0166783,  Preset timeout reached,120,120,120,0.95,2017-09-19 10:48:43,PLAICIS,0.499793164362193,1.09854536933315,0.0618951817033582,0.25
3e036e69f2,8.09,820.73,10109.4,0.00861757,  Preset timeout reached,120,120,120,0.95,2017-09-19 11:12:13,PLAICNS,1.63727276906256,0.652501937935219,0.227060940086604,0.4
3e61f1939,8.34,321.59,10340.7,0.00781158,  Preset timeout reached,120,120,120,0.95,2017-09-19 11:52:37,PTOOTHFISHPEI,0.298389083074113,0.74166192499328,0.0633041024901055,0.25
3e557a7016e,8.65,441.48,10320,0.0337694,  Preset timeout reached,120,120,120,0.95,2017-09-19 13:05:23,PLAICIS,0.499793164362193,1.09854536933315,0.0618951817033582,0.4
3e17ed1c023,8.05,271.5,10354.4,0.0246645,  Preset timeout reached,120,120,120,0.95,2017-09-19 13:08:54,RBRMECS,1.55971940174528,0.848818771581257,0.0412480159231198,0.25
3e357a7016e,8.21,396.3,10110.1,0.00233683,  Preset timeout reached,120,120,120,0.95,2017-09-19 13:10:04,PLAICIS,0.499793164362193,1.09854536933315,0.0618951817033582,0.1
3e757a7016e,8.14,806.08,10084.2,0.00569041,  Preset timeout reached,120,120,120,0.95,2017-09-19 13:38:13,PLAICNS,1.63727276906256,0.652501937935219,0.227060940086604,0.25
3e336e69f2,8.88,319.72,321.1,-1.75374e-05,  target precision reached,120,120,120,0.95,2017-09-19 13:42:42,POLL5YZ,0.166228484045471,0.884879026654464,0.0703167660286123,0.4
3e27ed1c023,7.93,281.19,10111.7,0.0360055,  Preset timeout reached,120,120,120,0.95,2017-09-19 13:45:28,RBRMECS,1.55971940174528,0.848818771581257,0.0412480159231198,0.4
3e436e69f2,8.09,1390.94,10013.3,3.91719e-05,  Preset timeout reached,120,120,120,0.95,2017-09-19 13:55:04,POPERCHGA,0.774872029831344,0.610776766265697,0.41760282338405,0.1
3e01f1939,8.58,2477.63,10064.1,0.00441442,  Preset timeout reached,120,120,120,0.95,2017-09-19 14:20:19,PSOLEPCOAST,1.23216000322935,0.745765348514972,0.539616125962563,0.25
3e67ed1c023,7.67,412.67,10021,0.0033872,  Preset timeout reached,120,120,120,0.95,2017-09-19 15:01:31,REYEROCKBSAI,0.995312297686656,0.882606359893809,0.0853500509023992,0.1
3e536e69f2,8.92,1587.45,10056.1,0.00156518,  Preset timeout reached,120,120,120,0.95,2017-09-19 16:14:22,POPERCHGA,0.774872029831344,0.610776766265697,0.41760282338405,0.25
3e1a74b019,7.84,198.45,10016.3,0.00344165,  Preset timeout reached,120,120,120,0.95,2017-09-19 16:15:22,REYEROCKGA,0.250918630392669,0.939206507253337,0.0206459268402828,0.1
3e736e69f2,8.64,2228.34,10104.5,0.000464535,  Preset timeout reached,120,120,120,0.95,2017-09-19 16:45:45,PSOLEPCOAST,1.23216000322935,0.745765348514972,0.539616125962563,0.1
3e2a74b019,7.78,208.24,10188.8,0.0140163,  Preset timeout reached,120,120,120,0.95,2017-09-19 16:55:35,REYEROCKGA,0.250918630392669,0.939206507253337,0.0206459268402828,0.25
3e31f1939,9.23,364.87,10376,0.00259837,  Preset timeout reached,120,120,120,0.95,2017-09-19 17:02:55,PTOOTHFISHMI,0.175850343385447,0.960782520581314,0.0516782919177883,0.25
3e41f1939,8.56,369.48,10244.7,0.00455972,  Preset timeout reached,120,120,120,0.95,2017-09-19 17:11:31,PTOOTHFISHMI,0.175850343385447,0.960782520581314,0.0516782919177883,0.4
3e07ed1c023,7.65,253.46,10059.2,0.00609109,  Preset timeout reached,120,120,120,0.95,2017-09-19 17:26:22,RBRMECS,1.55971940174528,0.848818771581257,0.0412480159231198,0.1
3e6a74b019,7.99,1238.04,10044,0.0138012,  Preset timeout reached,120,120,120,0.95,2017-09-19 18:09:38,RGROUPSATL,1.22531577470001,0.68174705321605,0.328568234162144,0.4
3e63400b12e,8.03,1651.71,3148.21,1.98118e-06,  target precision reached,120,120,120,0.95,2017-09-19 19:22:10,RKCRABPI,0.284355810000517,0.418343601201258,0.827496689944855,0.25
3e13400b12e,8.3,1552.38,10085.6,0.0045889,  Preset timeout reached,120,120,120,0.95,2017-09-19 19:22:59,RHERRTSST,1.67562838799493,0.600000300451386,0.436517173407871,0.4
3e51f1939,8.22,304.03,10016.6,0.000990709,  Preset timeout reached,120,120,120,0.95,2017-09-19 19:25:30,PTOOTHFISHPEI,0.298389083074113,0.74166192499328,0.0633041024901055,0.1
3e16efe03a1,8.39,128.03,134.98,-9.05025e-06,  target precision reached,120,120,120,0.95,2017-09-19 19:44:33,SAABALONESA,0.125947073029288,0.947979614461486,0.0144793887880832,0.25
3e71f1939,8.24,335.66,10028.1,0.0155719,  Preset timeout reached,120,120,120,0.95,2017-09-19 19:57:40,PTOOTHFISHPEI,0.298389083074113,0.74166192499328,0.0633041024901055,0.4
3e23400b12e,8.07,602.55,10022.8,0.00134992,  Preset timeout reached,120,120,120,0.95,2017-09-19 20:04:28,RKCRABBB,0.84398634425411,0.869254661114699,0.149000896861417,0.1
3e37ed1c023,8.43,415.61,10012.5,0.00396472,  Preset timeout reached,120,120,120,0.95,2017-09-19 20:10:34,RBRMSETOW,1.37055543853706,0.865086439339747,0.0866432730932167,0.1
3e47ed1c023,8.69,442.43,10227.8,0.031138,  Preset timeout reached,120,120,120,0.95,2017-09-19 20:23:10,RBRMSETOW,1.37055543853706,0.865086439339747,0.0866432730932167,0.25
3e26efe03a1,7.71,167.6,169.01,-3.53365e-05,  target precision reached,120,120,120,0.95,2017-09-19 20:25:20,SAABALONESA,0.125947073029288,0.947979614461486,0.0144793887880832,0.4
3e0a74b019,8.32,448.94,10582,0.053994,  Preset timeout reached,120,120,120,0.95,2017-09-19 20:45:13,REYEROCKBSAI,0.995312297686656,0.882606359893809,0.0853500509023992,0.4
3e66efe03a1,7.69,521.94,10028.2,0.000651865,  Preset timeout reached,120,120,120,0.95,2017-09-19 22:32:02,SARDMEDGSA17,1.08686170902815,0.76113220761447,0.148021357567063,0.1
3e57ed1c023,7.35,436.76,10711.5,0.059745,  Preset timeout reached,120,120,120,0.95,2017-09-19 22:46:42,RBRMSETOW,1.37055543853706,0.865086439339747,0.0866432730932167,0.4
3e13cf48540,8.07,1119.42,10022.8,0.000399436,  Preset timeout reached,120,120,120,0.95,2017-09-19 22:52:32,SARDPCOAST,0.726037329149108,0.786807659219962,0.299311130015012,0.1
3e77ed1c023,8.69,444.1,10156.6,0.0270423,  Preset timeout reached,120,120,120,0.95,2017-09-19 23:08:42,REYEROCKBSAI,0.995312297686656,0.882606359893809,0.0853500509023992,0.25
3e3a74b019,7.64,219.02,10307.5,0.0255282,  Preset timeout reached,120,120,120,0.95,2017-09-19 23:21:24,REYEROCKGA,0.250918630392669,0.939206507253337,0.0206459268402828,0.4
3e4a74b019,7.8,1063.17,10018.1,0.000284756,  Preset timeout reached,120,120,120,0.95,2017-09-19 23:29:12,RGROUPSATL,1.22531577470001,0.68174705321605,0.328568234162144,0.1
3e23cf48540,8.56,1282.34,10023.1,0.00379637,  Preset timeout reached,120,120,120,0.95,2017-09-19 23:34:31,SARDPCOAST,0.726037329149108,0.786807659219962,0.299311130015012,0.25
3e03400b12e,8.27,1525.8,10024.6,0.00157964,  Preset timeout reached,120,120,120,0.95,2017-09-19 23:50:56,RHERRTSST,1.67562838799493,0.600000300451386,0.436517173407871,0.25
3e06efe03a1,7.44,30.58,33.1,1.84798e-06,  target precision reached,120,120,120,0.95,2017-09-20 00:08:38,SAABALONESA,0.125947073029288,0.947979614461486,0.0144793887880832,0.1
3e24ef6d14d,9.29,1441.59,1529.16,1.88091e-06,  target precision reached,120,120,120,0.95,2017-09-20 00:26:30,SBELLYROCKPCOAST,3.33475374394568e-10,1.18732071249566,0.0943257663732226,0.1
3e63cf48540,8.44,1550.53,10031.4,0.00740045,  Preset timeout reached,120,120,120,0.95,2017-09-20 01:42:01,SARDSA,0.605521640150706,0.682689888253265,0.364059310408841,0.4
3e5a74b019,8.34,1185.89,10017,0.00437758,  Preset timeout reached,120,120,120,0.95,2017-09-20 01:54:12,RGROUPSATL,1.22531577470001,0.68174705321605,0.328568234162144,0.25
3e14ef6d14d,7.86,939.91,10111.5,0.0104758,  Preset timeout reached,120,120,120,0.95,2017-09-20 01:59:52,SAURNWPAC,1.22522370200532,0.573738711778917,0.295590038084929,0.4
3e7a74b019,8.26,1332.07,10028.2,0.00014034,  Preset timeout reached,120,120,120,0.95,2017-09-20 02:14:03,RHERRTSST,1.67562838799493,0.600000300451386,0.436517173407871,0.1
3e33400b12e,8.66,657.97,10225,0.0231644,  Preset timeout reached,120,120,120,0.95,2017-09-20 02:32:50,RKCRABBB,0.84398634425411,0.869254661114699,0.149000896861417,0.25
3e43400b12e,8.31,682.73,10187.9,0.0580141,  Preset timeout reached,120,120,120,0.95,2017-09-20 02:41:13,RKCRABBB,0.84398634425411,0.869254661114699,0.149000896861417,0.4
3e53400b12e,8.19,1565.07,1744.15,1.8603e-06,  target precision reached,120,120,120,0.95,2017-09-20 02:42:59,RKCRABPI,0.284355810000517,0.418343601201258,0.827496689944855,0.1
3e36efe03a1,8.32,44.3,44.34,-4.46671e-07,  target precision reached,120,120,120,0.95,2017-09-20 02:55:25,SABLEFPCOAST,0.0849057629390211,1.16914176291736,0.0302906285147809,0.1
3e46efe03a1,8.49,182.89,182.96,-4.24542e-05,  target precision reached,120,120,120,0.95,2017-09-20 03:08:00,SABLEFPCOAST,0.0849057629390211,1.16914176291736,0.0302906285147809,0.25
3e56efe03a1,8.07,227.45,227.56,-0.000123406,  target precision reached,120,120,120,0.95,2017-09-20 03:09:58,SABLEFPCOAST,0.0849057629390211,1.16914176291736,0.0302906285147809,0.4
3e03cf48540,8.22,603.04,10009.3,0.0233965,  Preset timeout reached,120,120,120,0.95,2017-09-20 03:16:49,SARDMEDGSA17,1.08686170902815,0.76113220761447,0.148021357567063,0.4
3e27446d8da,9.13,1176.81,10007.5,0.0395949,  Preset timeout reached,120,120,120,0.95,2017-09-20 03:38:53,SBWHITACIR,0.462815414458178,0.962407795655271,0.197964986204766,0.4
3e64ef6d14d,8.54,582.95,10095,0.00664296,  Preset timeout reached,120,120,120,0.95,2017-09-20 04:56:02,SBT,0.248757095749338,0.772530005166682,0.103195924984928,0.25
3e17446d8da,9.55,1131.52,10113.9,0.0126737,  Preset timeout reached,120,120,120,0.95,2017-09-20 05:14:17,SBWHITACIR,0.462815414458178,0.962407795655271,0.197964986204766,0.25
3e67446d8da,8.58,78.72,81.44,1.90941e-06,  target precision reached,120,120,120,0.95,2017-09-20 05:23:13,SCMPWHB,0.158300025704318,1.02296462403253,0.0815832008789911,0.1
3e73400b12e,8.51,1716.22,10419,2.85092e-06,  Preset timeout reached,120,120,120,0.95,2017-09-20 05:28:11,RKCRABPI,0.284355810000517,0.418343601201258,0.827496689944855,0.4
3e33cf48540,8.51,1346.34,10040.8,0.0138532,  Preset timeout reached,120,120,120,0.95,2017-09-20 06:03:43,SARDPCOAST,0.726037329149108,0.786807659219962,0.299311130015012,0.4
3e43cf48540,8.19,1273.64,10000.1,1.55083e-05,  Preset timeout reached,120,120,120,0.95,2017-09-20 06:14:56,SARDSA,0.605521640150706,0.682689888253265,0.364059310408841,0.1
3e53cf48540,8.79,1475.64,10012.9,0.00181237,  Preset timeout reached,120,120,120,0.95,2017-09-20 06:18:29,SARDSA,0.605521640150706,0.682689888253265,0.364059310408841,0.25
3e04ef6d14d,8.22,888.56,10017.8,0.00382605,  Preset timeout reached,120,120,120,0.95,2017-09-20 06:22:54,SAURNWPAC,1.22522370200532,0.573738711778917,0.295590038084929,0.25
3e245529ccb,9.28,1275.07,10002.5,0.00171433,  Preset timeout reached,120,120,120,0.95,2017-09-20 06:47:55,SDOGATLC,0.447240737368031,0.688763578594635,0.299298674451547,0.25
3e214e28528,7.34,27.18,31.98,1.06173e-06,  target precision reached,120,120,120,0.95,2017-09-20 07:04:07,SMOOTHOREOCR,0.0940147075603052,0.947554692628583,0.00540384207851756,0.1
3e34ef6d14d,10.59,1726.93,2080.98,1.57556e-06,  target precision reached,120,120,120,0.95,2017-09-20 07:04:42,SBELLYROCKPCOAST,3.33475374394568e-10,1.18732071249566,0.0943257663732226,0.25
3e44ef6d14d,10.41,1878.33,2028.23,-8.78494e-06,  target precision reached,120,120,120,0.95,2017-09-20 07:16:17,SBELLYROCKPCOAST,3.33475374394568e-10,1.18732071249566,0.0943257663732226,0.4
3e37446d8da,8.74,94.77,105.72,1.89618e-06,  target precision reached,120,120,120,0.95,2017-09-20 07:31:36,SCMPBP,0.133977390882139,0.813630481581343,0.100843358332168,0.1
3e278350c6c,8.88,260.27,269.15,-1.15764e-06,  target precision reached,120,120,120,0.95,2017-09-20 07:35:09,SMOOTHOREOSLD,0.158131546072294,0.901234208413766,0.0487935581203299,0.4
3e47446d8da,9.49,352.79,434.82,-1.72976e-06,  target precision reached,120,120,120,0.95,2017-09-20 07:51:10,SCMPBP,0.133977390882139,0.813630481581343,0.100843358332168,0.25
3e145529ccb,8.23,1083.49,10000.4,6.93386e-05,  Preset timeout reached,120,120,120,0.95,2017-09-20 08:22:21,SDOGATLC,0.447240737368031,0.688763578594635,0.299298674451547,0.1
3e76efe03a1,8.18,582.51,10188.5,0.0105399,  Preset timeout reached,120,120,120,0.95,2017-09-20 08:39:09,SARDMEDGSA17,1.08686170902815,0.76113220761447,0.148021357567063,0.25
3e645529ccb,8.33,1309.83,10670.4,0.0652284,  Preset timeout reached,120,120,120,0.95,2017-09-20 08:43:32,SKJCIO,1.15267398363773,0.928280466319831,0.246746761916672,0.4
3e114e28528,8.41,188.22,218.17,-1.50497e-06,  target precision reached,120,120,120,0.95,2017-09-20 08:47:38,SMOOTHOREOBP,0.146827468170601,0.919542115353262,0.0277243491550164,0.4
3e178350c6c,7.94,203.97,220.44,5.78302e-07,  target precision reached,120,120,120,0.95,2017-09-20 09:17:37,SMOOTHOREOSLD,0.158131546072294,0.901234208413766,0.0487935581203299,0.25
3e54ef6d14d,8.67,496.15,10000.1,0.000595807,  Preset timeout reached,120,120,120,0.95,2017-09-20 09:30:36,SBT,0.248757095749338,0.772530005166682,0.103195924984928,0.1
3e07446d8da,8.66,1028.88,10020.3,0.000481711,  Preset timeout reached,120,120,120,0.95,2017-09-20 09:35:35,SBWHITACIR,0.462815414458178,0.962407795655271,0.197964986204766,0.1
3e57446d8da,8.66,425.28,683.55,5.98115e-07,  target precision reached,120,120,120,0.95,2017-09-20 10:08:54,SCMPBP,0.133977390882139,0.813630481581343,0.100843358332168,0.4
3e045529ccb,8.78,390.6,391.1,-9.142e-06,  target precision reached,120,120,120,0.95,2017-09-20 10:09:48,SCMPWHB,0.158300025704318,1.02296462403253,0.0815832008789911,0.4
3e014e28528,7.78,157.14,186.17,-1.01389e-06,  target precision reached,120,120,120,0.95,2017-09-20 10:35:38,SMOOTHOREOBP,0.146827468170601,0.919542115353262,0.0277243491550164,0.25
3e345529ccb,9.09,1313.37,10013.1,0.00627172,  Preset timeout reached,120,120,120,0.95,2017-09-20 10:41:00,SDOGATLC,0.447240737368031,0.688763578594635,0.299298674451547,0.4
3e276527840,8.57,1055.16,10333.7,0.020391,  Preset timeout reached,120,120,120,0.95,2017-09-20 10:50:26,SOLEIIIa,0.836796993038017,0.871275174378789,0.22998925883103,0.25
3e314e28528,7.71,114.44,145.44,2.55126e-07,  target precision reached,120,120,120,0.95,2017-09-20 10:59:13,SMOOTHOREOCR,0.0940147075603052,0.947554692628583,0.00540384207851756,0.25
3e445529ccb,8.89,1114.74,10019,0.000648474,  Preset timeout reached,120,120,120,0.95,2017-09-20 11:00:02,SKJCIO,1.15267398363773,0.928280466319831,0.246746761916672,0.1
3e078350c6c,8.52,48.33,54.53,1.77442e-06,  target precision reached,120,120,120,0.95,2017-09-20 11:01:34,SMOOTHOREOSLD,0.158131546072294,0.901234208413766,0.0487935581203299,0.1
3e25e455a96,7.33,4.34,4.38,0,  target precision reached,120,120,120,0.95,2017-09-20 11:06:17,SSTHORNHPCOAST,0.037777927965949,1.04893342363541,0.00384595814421483,0.1
3e378350c6c,7.71,34.72,42.42,1.88587e-06,  target precision reached,120,120,120,0.95,2017-09-20 11:18:42,SMOOTHOREOWECR,0.152753182779548,0.899325694295359,0.024025521970976,0.1
3e414e28528,7.69,144.1,183.6,-5.07953e-07,  target precision reached,120,120,120,0.95,2017-09-20 11:19:31,SMOOTHOREOCR,0.0940147075603052,0.947554692628583,0.00540384207851756,0.4
3e478350c6c,8.04,150.68,174.75,1.64781e-06,  target precision reached,120,120,120,0.95,2017-09-20 11:42:08,SMOOTHOREOWECR,0.152753182779548,0.899325694295359,0.024025521970976,0.25
3e73cf48540,8.65,802.93,10003,0.000210251,  Preset timeout reached,120,120,120,0.95,2017-09-20 11:45:12,SAURNWPAC,1.22522370200532,0.573738711778917,0.295590038084929,0.1
3e614e28528,8.04,240.86,10025,0.0098069,  Preset timeout reached,120,120,120,0.95,2017-09-20 11:50:49,SMOOTHOREOEPR,0.185113009343078,0.952615042016426,0.0216139925079602,0.25
3e476527840,8.39,69.32,113.29,1.24943e-06,  target precision reached,120,120,120,0.95,2017-09-20 12:08:31,SOUTHHAKESA,0.011517769996926,0.679325263018294,0.0489258286617938,0.1
3e45e455a96,7.55,6.78,6.9,0,  target precision reached,120,120,120,0.95,2017-09-20 12:24:23,SSTHORNHPCOAST,0.037777927965949,1.04893342363541,0.00384595814421483,0.4
3e176527840,8.4,953.3,10005.2,0.000804163,  Preset timeout reached,120,120,120,0.95,2017-09-20 12:26:39,SOLEIIIa,0.836796993038017,0.871275174378789,0.22998925883103,0.1
3e545529ccb,8.4,1238.5,10604.6,0.0229564,  Preset timeout reached,120,120,120,0.95,2017-09-20 13:28:04,SKJCIO,1.15267398363773,0.928280466319831,0.246746761916672,0.25
3e076527840,8.24,939.32,10090.2,0.0153075,  Preset timeout reached,120,120,120,0.95,2017-09-20 14:10:52,SNOWCRABBS,0.729016362353731,0.734840446736775,0.224364425456937,0.4
3e26a6e2c67,7.67,2049.2,10140.5,0.00607389,  Preset timeout reached,120,120,120,0.95,2017-09-20 14:15:06,STFLOUNSPCOAST,1.22193485767619,0.650024837438455,0.519900080682168,0.4
3e678350c6c,8.16,811.34,10000.5,0.000223395,  Preset timeout reached,120,120,120,0.95,2017-09-20 14:57:09,SNOWCRABBS,0.729016362353731,0.734840446736775,0.224364425456937,0.1
3e376527840,8.33,1103.38,11883.3,0.0630795,  Preset timeout reached,120,120,120,0.95,2017-09-20 14:57:39,SOLEIIIa,0.836796993038017,0.871275174378789,0.22998925883103,0.4
3e74ef6d14d,8.14,613.77,10049.1,0.00932254,  Preset timeout reached,120,120,120,0.95,2017-09-20 14:58:04,SBT,0.248757095749338,0.772530005166682,0.103195924984928,0.4
3e35e455a96,7.48,6.37,6.45,0,  target precision reached,120,120,120,0.95,2017-09-20 15:13:53,SSTHORNHPCOAST,0.037777927965949,1.04893342363541,0.00384595814421483,0.25
3e77446d8da,8.72,306.41,312.02,1.42574e-06,  target precision reached,120,120,120,0.95,2017-09-20 15:29:45,SCMPWHB,0.158300025704318,1.02296462403253,0.0815832008789911,0.25
3e15e455a96,7.81,903.75,10045.7,0.0102383,  Preset timeout reached,120,120,120,0.95,2017-09-20 15:32:59,SPANMACKSETO,1.36593093657793,0.578861310851689,0.291436684660147,0.4
3e46a6e2c67,8.73,635.55,10067.4,0.00425795,  Preset timeout reached,120,120,120,0.95,2017-09-20 15:38:01,SWORDEPAC,0.208048116615928,0.896992032757477,0.103624365869971,0.25
3e745529ccb,7.78,36.52,47.04,1.74439e-06,  target precision reached,120,120,120,0.95,2017-09-20 15:51:31,SMOOTHOREOBP,0.146827468170601,0.919542115353262,0.0277243491550164,0.1
3e4141fe81b,7.36,39.72,39.73,-1.12678e-07,  target precision reached,120,120,120,0.95,2017-09-20 16:02:45,SWORDNPAC,0.132262433766275,0.646858346637248,0.0440652581387984,0.1
3e44d164dfb,8.27,223.97,225.01,-5.18412e-06,  target precision reached,120,120,120,0.95,2017-09-20 16:31:13,TARAKNZ,0.128353242531635,0.958496135655425,0.0362267040015146,0.4
3e514e28528,7.56,223.57,10007.5,0.00195644,  Preset timeout reached,120,120,120,0.95,2017-09-20 16:33:37,SMOOTHOREOEPR,0.185113009343078,0.952615042016426,0.0216139925079602,0.1
3e578350c6c,8.07,186.64,221.72,-1.28102e-06,  target precision reached,120,120,120,0.95,2017-09-20 16:58:08,SMOOTHOREOWECR,0.152753182779548,0.899325694295359,0.024025521970976,0.4
3e05e455a96,8.17,871.96,10018.8,0.00388072,  Preset timeout reached,120,120,120,0.95,2017-09-20 17:16:58,SPANMACKSETO,1.36593093657793,0.578861310851689,0.291436684660147,0.25
3e2141fe81b,8.13,704.17,10009.2,0.00327208,  Preset timeout reached,120,120,120,0.95,2017-09-20 17:23:17,SWORDMED,0.600345153462875,0.668122828188529,0.208301351136999,0.25
3e576527840,8.67,271,1297.4,6.00344e-07,  target precision reached,120,120,120,0.95,2017-09-20 17:45:44,SOUTHHAKESA,0.011517769996926,0.679325263018294,0.0489258286617938,0.25
3e676527840,8.46,331.87,8761.4,-1.52811e-07,  target precision reached,120,120,120,0.95,2017-09-20 17:48:25,SOUTHHAKESA,0.011517769996926,0.679325263018294,0.0489258286617938,0.4
3e24d164dfb,8.72,44.1,48.37,1.07813e-06,  target precision reached,120,120,120,0.95,2017-09-20 17:48:32,TARAKNZ,0.128353242531635,0.958496135655425,0.0362267040015146,0.1
3e265f0aee3,8.26,205.44,226,-9.87034e-06,  target precision reached,120,120,120,0.95,2017-09-20 18:15:29,TREVALLYTRE7,0.144277574270589,0.948756076170917,0.0292544349867665,0.4
3e36a6e2c67,7.73,581.75,10008.3,0.00031766,  Preset timeout reached,120,120,120,0.95,2017-09-20 18:25:11,SWORDEPAC,0.208048116615928,0.896992032757477,0.103624365869971,0.1
3e16a6e2c67,7.62,2070.62,10040.8,0.00275967,  Preset timeout reached,120,120,120,0.95,2017-09-20 18:40:14,STFLOUNSPCOAST,1.22193485767619,0.650024837438455,0.519900080682168,0.25
3e714e28528,7.83,253.63,10438.3,0.0189454,  Preset timeout reached,120,120,120,0.95,2017-09-20 19:05:36,SMOOTHOREOEPR,0.185113009343078,0.952615042016426,0.0216139925079602,0.4
3e465f0aee3,8.68,1124.43,10116.9,0.012542,  Preset timeout reached,120,120,120,0.95,2017-09-20 19:45:44,TURBLKGSA29,0.455563050447281,0.932496602268636,0.197226079310439,0.25
3e06a6e2c67,8,1854.63,10093.7,0.000252345,  Preset timeout reached,120,120,120,0.95,2017-09-20 20:25:11,STFLOUNSPCOAST,1.22193485767619,0.650024837438455,0.519900080682168,0.1
3e55e455a96,8.43,1717.1,10057.6,9.87377e-05,  Preset timeout reached,120,120,120,0.95,2017-09-20 20:52:53,STFLOUNNPCOAST,1.08166783772709,0.5969947139725,0.524953309742892,0.1
3e65e455a96,8.46,1929.69,10062.3,0.00159793,  Preset timeout reached,120,120,120,0.95,2017-09-20 20:56:37,STFLOUNNPCOAST,1.08166783772709,0.5969947139725,0.524953309742892,0.25
3e2bcb1730,8.71,597.63,10041.3,0.0103092,  Preset timeout reached,120,120,120,0.95,2017-09-20 21:30:01,WHAKEGBGOM,0.349955665040509,1.244433875245,0.0769250739179645,0.25
3e3141fe81b,8.52,737.4,10048.1,0.00983185,  Preset timeout reached,120,120,120,0.95,2017-09-20 21:34:16,SWORDMED,0.600345153462875,0.668122828188529,0.208301351136999,0.4
3e1141fe81b,7.39,613.41,10017.7,0.000157564,  Preset timeout reached,120,120,120,0.95,2017-09-20 21:47:52,SWORDMED,0.600345153462875,0.668122828188529,0.208301351136999,0.1
3e34d164dfb,8.8,184.22,196.15,-3.78418e-06,  target precision reached,120,120,120,0.95,2017-09-20 22:02:53,TARAKNZ,0.128353242531635,0.958496135655425,0.0362267040015146,0.25
3e778350c6c,8.37,909.43,10032.1,0.00450148,  Preset timeout reached,120,120,120,0.95,2017-09-20 22:14:42,SNOWCRABBS,0.729016362353731,0.734840446736775,0.224364425456937,0.25
3e14d164dfb,9.3,954.14,955.96,-2.59558e-07,  target precision reached,120,120,120,0.95,2017-09-20 22:32:15,TANNERCRABBSAI,0.127340764815008,1.08176367232273,0.206127793895874,0.4
3e4bcb1730,7.86,545.76,10004.4,0.000681159,  Preset timeout reached,120,120,120,0.95,2017-09-20 22:52:10,WHITBLACK,1.25450285374315,0.723670765002533,0.163718080272202,0.1
3e165f0aee3,8.52,161.04,184.91,2.06295e-07,  target precision reached,120,120,120,0.95,2017-09-20 22:57:52,TREVALLYTRE7,0.144277574270589,0.948756076170917,0.0292544349867665,0.25
3e0141fe81b,8.35,237.11,10543.7,0.0165696,  Preset timeout reached,120,120,120,0.95,2017-09-20 23:44:31,SWORDIO,0.338015092712765,0.836041585749983,0.0393085823358829,0.4
3e66a6e2c67,8.44,209.49,10022.4,0.001356,  Preset timeout reached,120,120,120,0.95,2017-09-21 00:09:11,SWORDIO,0.338015092712765,0.836041585749983,0.0393085823358829,0.1
3e56a6e2c67,8.77,667.69,10860.8,0.0103804,  Preset timeout reached,120,120,120,0.95,2017-09-21 00:21:24,SWORDEPAC,0.208048116615928,0.896992032757477,0.103624365869971,0.4
3e04d164dfb,9.31,769.95,805.61,1.64795e-06,  target precision reached,120,120,120,0.95,2017-09-21 00:25:48,TANNERCRABBSAI,0.127340764815008,1.08176367232273,0.206127793895874,0.25
3e6141fe81b,8.61,212.66,212.72,-3.11135e-05,  target precision reached,120,120,120,0.95,2017-09-21 00:37:54,SWORDNPAC,0.132262433766275,0.646858346637248,0.0440652581387984,0.4
3e27fc83441,8.88,624.38,10002.4,0.000155854,  Preset timeout reached,120,120,120,0.95,2017-09-21 00:38:10,WINFLOUN5Z,0.667786223936579,0.685244052176699,0.20375339263595,0.1
3e065f0aee3,7.95,38.46,45.04,1.95084e-06,  target precision reached,120,120,120,0.95,2017-09-21 00:49:21,TREVALLYTRE7,0.144277574270589,0.948756076170917,0.0292544349867665,0.1
3e5141fe81b,8.67,172.94,172.98,-1.07038e-05,  target precision reached,120,120,120,0.95,2017-09-21 00:50:30,SWORDNPAC,0.132262433766275,0.646858346637248,0.0440652581387984,0.25
3e365f0aee3,8.62,979.06,10039.1,0.000451427,  Preset timeout reached,120,120,120,0.95,2017-09-21 01:14:42,TURBLKGSA29,0.455563050447281,0.932496602268636,0.197226079310439,0.1
3e776527840,7.73,786.86,10031.4,0.000291038,  Preset timeout reached,120,120,120,0.95,2017-09-21 01:21:12,SPANMACKSETO,1.36593093657793,0.578861310851689,0.291436684660147,0.1
3e47fc83441,8.69,721.33,10050.4,0.011366,  Preset timeout reached,120,120,120,0.95,2017-09-21 02:02:31,WINFLOUN5Z,0.667786223936579,0.685244052176699,0.20375339263595,0.4
3e1bcb1730,8.68,547.5,10003.6,0.00130618,  Preset timeout reached,120,120,120,0.95,2017-09-21 02:12:38,WHAKEGBGOM,0.349955665040509,1.244433875245,0.0769250739179645,0.1
3e22b300d89,9.21,3043.46,10057.8,0.00525564,  Preset timeout reached,120,120,120,0.95,2017-09-21 03:47:42,WMARLINATL,1.88054548630574,0.886765979284785,0.708521979974209,0.4
3e64d164dfb,8.67,686.75,10180.7,0.0239265,  Preset timeout reached,120,120,120,0.95,2017-09-21 03:51:51,TILESATLC,0.665119090817369,0.945595269923146,0.126478026319988,0.25
3e0bcb1730,8.44,1523.36,10016.7,0.00432602,  Preset timeout reached,120,120,120,0.95,2017-09-21 03:56:07,WEAKFISHATLC,1.24655672317882,0.530232881039081,0.453108009780441,0.4
3e54d164dfb,8.22,640.22,10149,0.00161692,  Preset timeout reached,120,120,120,0.95,2017-09-21 04:03:05,TILESATLC,0.665119090817369,0.945595269923146,0.126478026319988,0.1
3e75e455a96,8.71,2020.35,10009.2,0.00400482,  Preset timeout reached,120,120,120,0.95,2017-09-21 04:27:23,STFLOUNNPCOAST,1.08166783772709,0.5969947139725,0.524953309742892,0.4
3e3bcb1730,8.64,594.26,10034,0.0231062,  Preset timeout reached,120,120,120,0.95,2017-09-21 04:28:44,WHAKEGBGOM,0.349955665040509,1.244433875245,0.0769250739179645,0.4
3e42b300d89,8.92,2334.05,10040.5,0.00276097,  Preset timeout reached,120,120,120,0.95,2017-09-21 05:10:28,WPOLLEBS,1.61455275183658,0.72920980331425,0.505115237460008,0.25
3e17fc83441,7.94,933.61,10154.7,0.00538514,  Preset timeout reached,120,120,120,0.95,2017-09-21 05:22:54,WHITVIa,0.495512457547514,0.559917823101307,0.281525851176859,0.4
3e459c2d0d7,7.23,603.62,730.99,1.46218e-06,  target precision reached,120,120,120,0.95,2017-09-21 05:39:24,YELLSNEMATL,1.73128778251139,0.233146032238787,1.04536385188171,0.1
3e665f0aee3,8.2,1324.91,10000.2,0.000159459,  Preset timeout reached,120,120,120,0.95,2017-09-21 06:57:23,WEAKFISHATLC,1.24655672317882,0.530232881039081,0.453108009780441,0.1
3e259c2d0d7,9.27,374.42,10220.7,0.00998053,  Preset timeout reached,120,120,120,0.95,2017-09-21 07:03:44,WROCKPCOAST,0.342722994863313,0.785323869282665,0.0737900652109622,0.25
3e07fc83441,8.51,886.03,10034.7,0.00161988,  Preset timeout reached,120,120,120,0.95,2017-09-21 07:04:49,WHITVIa,0.495512457547514,0.559917823101307,0.281525851176859,0.25
3e565f0aee3,9.18,1132.32,10677.8,0.0378785,  Preset timeout reached,120,120,120,0.95,2017-09-21 07:26:41,TURBLKGSA29,0.455563050447281,0.932496602268636,0.197226079310439,0.4
3e37fc83441,8.69,690.72,10025.8,0.00396565,  Preset timeout reached,120,120,120,0.95,2017-09-21 07:36:56,WINFLOUN5Z,0.667786223936579,0.685244052176699,0.20375339263595,0.25
3e76a6e2c67,7.88,228.53,10052.6,0.00815061,  Preset timeout reached,120,120,120,0.95,2017-09-21 07:38:30,SWORDIO,0.338015092712765,0.836041585749983,0.0393085823358829,0.25
3e7141fe81b,8.87,271.48,291.82,1.95696e-06,  target precision reached,120,120,120,0.95,2017-09-21 08:09:54,TANNERCRABBSAI,0.127340764815008,1.08176367232273,0.206127793895874,0.1
3e12b300d89,8.64,2922.75,10023,0.00301444,  Preset timeout reached,120,120,120,0.95,2017-09-21 08:31:22,WMARLINATL,1.88054548630574,0.886765979284785,0.708521979974209,0.25
3e470edcd3f,8.36,1717.23,10135.4,0.0161491,  Preset timeout reached,120,120,120,0.95,2017-09-21 08:49:12,YSOLEBSAI,1.51780602251878,0.821572101233142,0.351474563786525,0.4
3e6bcb1730,8.49,641.66,10200.4,0.0242801,  Preset timeout reached,120,120,120,0.95,2017-09-21 10:08:35,WHITBLACK,1.25450285374315,0.723670765002533,0.163718080272202,0.4
3e270edcd3f,8.31,1485.89,10051.8,0.000606687,  Preset timeout reached,120,120,120,0.95,2017-09-21 10:12:03,YSOLEBSAI,1.51780602251878,0.821572101233142,0.351474563786525,0.1
3e02b300d89,8.91,2649.71,10003.5,0.000107014,  Preset timeout reached,120,120,120,0.95,2017-09-21 10:12:39,WMARLINATL,1.88054548630574,0.886765979284785,0.708521979974209,0.1
3e5bcb1730,8.1,621.39,10133.2,0.0105312,  Preset timeout reached,120,120,120,0.95,2017-09-21 10:35:44,WHITBLACK,1.25450285374315,0.723670765002533,0.163718080272202,0.25
3e32b300d89,8.28,2104.18,10154.5,0.000478128,  Preset timeout reached,120,120,120,0.95,2017-09-21 10:46:03,WPOLLEBS,1.61455275183658,0.72920980331425,0.505115237460008,0.1
3e74d164dfb,8.73,724.1,10482.4,0.0554512,  Preset timeout reached,120,120,120,0.95,2017-09-21 11:27:46,TILESATLC,0.665119090817369,0.945595269923146,0.126478026319988,0.4
3e159c2d0d7,8.13,351.25,10010,0.00104775,  Preset timeout reached,120,120,120,0.95,2017-09-21 11:42:23,WROCKPCOAST,0.342722994863313,0.785323869282665,0.0737900652109622,0.1
3e67fc83441,7.86,598.99,10023.5,0.006207,  Preset timeout reached,120,120,120,0.95,2017-09-21 13:15:34,WITFLOUN5Y,0.935922207703861,0.652137733778562,0.173243970052548,0.25
3e059c2d0d7,8.21,943.27,10090.5,0.0165545,  Preset timeout reached,120,120,120,0.95,2017-09-21 13:20:35,WPOLLGA,0.943023163101969,0.702888683065556,0.259409956457128,0.4
3e57fc83441,6.96,513.52,10016.7,0.000296807,  Preset timeout reached,120,120,120,0.95,2017-09-21 13:41:08,WITFLOUN5Y,0.935922207703861,0.652137733778562,0.173243970052548,0.1
3e359c2d0d7,8.43,368.85,10341.4,0.0207172,  Preset timeout reached,120,120,120,0.95,2017-09-21 14:02:43,WROCKPCOAST,0.342722994863313,0.785323869282665,0.0737900652109622,0.4
3e765f0aee3,7.5,1414.89,10038.6,0.00183921,  Preset timeout reached,120,120,120,0.95,2017-09-21 14:33:31,WEAKFISHATLC,1.24655672317882,0.530232881039081,0.453108009780441,0.25
3e170edcd3f,8.88,2342.46,10089.9,0.0375734,  Preset timeout reached,120,120,120,0.95,2017-09-21 14:51:06,YNOSESKACH,1.06685509772446,0.857933783110654,0.44160795018857,0.4
3e62b300d89,7.22,777.82,10003.9,0.000214802,  Preset timeout reached,120,120,120,0.95,2017-09-21 16:22:04,WPOLLGA,0.943023163101969,0.702888683065556,0.259409956457128,0.1
3e070edcd3f,8.31,2245.84,10732.9,0.0158144,  Preset timeout reached,120,120,120,0.95,2017-09-21 16:40:22,YNOSESKACH,1.06685509772446,0.857933783110654,0.44160795018857,0.25
3e52b300d89,8.35,2364.54,10093.3,0.00580793,  Preset timeout reached,120,120,120,0.95,2017-09-21 16:48:32,WPOLLEBS,1.61455275183658,0.72920980331425,0.505115237460008,0.4
3e370edcd3f,8.55,1714.65,10043.8,0.00685574,  Preset timeout reached,120,120,120,0.95,2017-09-21 17:09:05,YSOLEBSAI,1.51780602251878,0.821572101233142,0.351474563786525,0.25
3e7bcb1730,8.05,733.03,10000.2,5.22718e-05,  Preset timeout reached,120,120,120,0.95,2017-09-21 17:39:00,WHITVIa,0.495512457547514,0.559917823101307,0.281525851176859,0.1
3e659c2d0d7,8.06,558.09,10004.1,8.41168e-06,  Preset timeout reached,120,120,120,0.95,2017-09-21 19:26:03,YELLSNEMATL,1.73128778251139,0.233146032238787,1.04536385188171,0.4
3e559c2d0d7,7.36,584.63,10012,3.89663e-06,  Preset timeout reached,120,120,120,0.95,2017-09-21 19:51:10,YELLSNEMATL,1.73128778251139,0.233146032238787,1.04536385188171,0.25
3e77fc83441,7.39,583.51,10108.2,0.0154581,  Preset timeout reached,120,120,120,0.95,2017-09-21 20:45:49,WITFLOUN5Y,0.935922207703861,0.652137733778562,0.173243970052548,0.4
3e670edcd3f,7.74,512.16,10324.5,0.0246955,  Preset timeout reached,120,120,120,0.95,2017-09-21 22:39:14,YTROCKNPCOAST,0.835277339480386,0.882690297490242,0.109413859870397,0.25
3e570edcd3f,7.26,464.31,10018.7,0.00207774,  Preset timeout reached,120,120,120,0.95,2017-09-21 22:57:45,YTROCKNPCOAST,0.835277339480386,0.882690297490242,0.109413859870397,0.1
3e72b300d89,7.59,871.3,10024.6,0.00491783,  Preset timeout reached,120,120,120,0.95,2017-09-21 23:51:59,WPOLLGA,0.943023163101969,0.702888683065556,0.259409956457128,0.25
3e759c2d0d7,7.43,1814.8,10143.6,0.00122918,  Preset timeout reached,120,120,120,0.95,2017-09-22 02:58:55,YNOSESKACH,1.06685509772446,0.857933783110654,0.44160795018857,0.1
3e770edcd3f,7.4,505.47,10235.4,0.0533305,  Preset timeout reached,120,120,120,0.95,2017-09-22 06:08:43,YTROCKNPCOAST,0.835277339480386,0.882690297490242,0.109413859870397,0.4
